{"sparsity": [0.1, 0.2, 0.3, 0.35, 0.4, 0.45, 0.5], "mse": [7.467047774089611e-20, 1.407353934908957e-19, 1.339924037764766e-19, 1.3653453835651846e-19, 1.2462640320299915e-19, 2.0202708111539418e-19, 1.5526245669827784e-19], "metabolic_cost": [0.9099995930989584, 0.8200002034505208, 0.7299997965494791, 0.6849995930989583, 0.6400004069010417, 0.5950002034505208, 0.55]}