{"Control (Random)": {"sparsity": [0.6, 0.7, 0.8, 0.9], "mse": [1.3314099747191374e-19, 1.3742309695851633e-19, 1.5747418539381343e-19, 1.9352395402667832e-19], "metabolic_cost": [0.46000061035156253, 0.3700002034505208, 0.28000081380208336, 0.19000040690104167]}, "BTL-Guided (GGTFL)": {"sparsity": [0.6, 0.7, 0.8, 0.9], "mse": [5.5295616420285365e-06, 1.4924817180983273e-05, 4.945844612134953e-06, 4.423203396154356e-05], "metabolic_cost": [0.457677318431713, 0.365448902271412, 0.2757432725694444, 0.18268364800347223]}}