{"steps": [0, 1, 2, 3, 4, 5, 6, 7, 8, 9, 10, 11, 12, 13, 14, 15, 16, 17, 18, 19, 20, 21, 22, 23, 24, 25, 26, 27, 28, 29, 30, 31, 32, 33, 34, 35, 36, 37, 38, 39, 40, 41, 42, 43, 44, 45, 46, 47, 48, 49, 50, 51, 52, 53, 54, 55, 56, 57, 58, 59, 60, 61, 62, 63, 64, 65, 66, 67, 68, 69, 70, 71, 72, 73, 74, 75, 76, 77, 78, 79, 80, 81, 82, 83, 84, 85, 86, 87, 88, 89, 90, 91, 92, 93, 94, 95, 96, 97, 98, 99], "functional_error": [1.5209618524916752e-07, 1.7924524446188556e-07, 1.3511790291241364e-07, 1.6302010618008778e-07, 1.5901888671221287e-07, 1.1938513924482437e-07, 1.334332813997438e-07, 1.5318847365353944e-07, 1.665499635681653e-07, 1.3953993925742618e-07, 1.2907633141963835e-07, 1.4810631070818657e-07, 1.103516506647185e-07, 1.3026284726054668e-07, 1.2614278058176744e-07, 9.11219955342619e-08, 1.0193340517975215e-07, 1.1422617242459698e-07, 1.229234023536125e-07, 1.0204741927294332e-07, 9.443404491921818e-08, 1.0656198827079422e-07, 8.062245849991126e-08, 9.427839976305656e-08, 9.234630366248567e-08, 6.403937231619307e-08, 7.313145767743544e-08, 8.014223926768892e-08, 8.633529421561875e-08, 7.189178691920247e-08, 6.742949502651247e-08, 7.47276894635996e-08, 5.851260315258013e-08, 6.823809702071948e-08, 6.820139330301202e-08, 4.5328050865927576e-08, 5.341029194039543e-08, 5.716941072312289e-08, 6.201838685670237e-08, 5.221765152544434e-08, 4.993192495052515e-08, 5.406842119843801e-08, 4.429705330905835e-08, 5.164472262278001e-08, 5.270931462527697e-08, 3.359561164367557e-08, 4.0975781348118566e-08, 4.2749158081956154e-08, 4.676046779184168e-08, 3.9982764723354363e-08, 3.8999524736589445e-08, 4.108448632847103e-08, 3.5385606404435856e-08, 4.125667992289725e-08, 4.286383678625246e-08, 2.628843033842299e-08, 3.31339578218564e-08, 3.366185199224087e-08, 3.708915569669359e-08, 3.226032044485135e-08, 3.203430808928486e-08, 3.2758379171673514e-08, 2.965752488010708e-08, 3.455523661763451e-08, 3.640898554024468e-08, 2.1597715759242152e-08, 2.8046302253504883e-08, 2.7775653581458454e-08, 3.080964442071951e-08, 2.725739881495777e-08, 2.748823919790749e-08, 2.7284604515866066e-08, 2.5878539718006772e-08, 3.0129915563582916e-08, 3.204380815178384e-08, 1.8497786509686455e-08, 2.463529526451678e-08, 2.381171547291606e-08, 2.655196227576734e-08, 2.3853850218852593e-08, 2.4361619863623885e-08, 2.3486553052985875e-08, 2.3242926711577352e-08, 2.7030792704897525e-08, 2.8919864546522866e-08, 1.63177507115348e-08, 2.2208786202802573e-08, 2.0993465045217822e-08, 2.3514580836840948e-08, 2.1423083013979828e-08, 2.211086430445902e-08, 2.074837404954225e-08, 2.1337255490531014e-08, 2.4783865347785043e-08, 2.6605863934718373e-08, 1.4730238761597311e-08, 2.0429135067651215e-08, 1.892218970371537e-08, 2.127279644416373e-08, 1.9628904684856567e-08], "metabolic_cost": [0.9900908741551191, 0.9900920044306802, 0.9900942649818025, 0.9900897438795578, 0.9900886136039967, 0.9900874833284354, 0.9900852227773131, 0.9900773108483849, 0.9900750502972625, 0.990071659470579, 0.9900682686438954, 0.990071659470579, 0.9900671383683343, 0.9900648778172119, 0.9900648778172119, 0.9900603567149672, 0.9900637475416507, 0.9900614869905283, 0.9900535750616001, 0.9900524447860388, 0.9900490539593554, 0.9900490539593554, 0.9900445328571106, 0.9900400117548659, 0.9900332301014988, 0.990021927345887, 0.9900196667947646, 0.9900128851413975, 0.990003842936908, 0.9899959310079798, 0.9899914099057351, 0.9899891493546127, 0.9899891493546127, 0.9899914099057351, 0.9899948007324186, 0.9899857585279291, 0.9899778465990009, 0.9899744557723174, 0.9899688043945114, 0.9899620227411443, 0.9899575016388996, 0.9899608924655832, 0.9899620227411443, 0.9899586319144608, 0.989947329158849, 0.9899382869543595, 0.9899360264032371, 0.9899315053009924, 0.9899258539231865, 0.9899190722698195, 0.98991003006533, 0.9899066392386464, 0.9899066392386464, 0.9899055089630853, 0.9899021181364017, 0.9899009878608405, 0.989904378687524, 0.9899009878608405, 0.9899009878608405, 0.9898930759319122, 0.9898874245541063, 0.9898817731763004, 0.9898772520740557, 0.9898749915229333, 0.9898682098695663, 0.9898636887673216, 0.9898648190428827, 0.9898591676650768, 0.9898602979406379, 0.9898523860117097, 0.9898467346339037, 0.9898489951850261, 0.989847864909465, 0.9898410832560979, 0.989842213531659, 0.9898365621538532, 0.9898309107760472, 0.989822998847119, 0.9898196080204354, 0.989817347469313, 0.9898139566426295, 0.9898083052648236, 0.9898015236114565, 0.9897958722336506, 0.9897924814069671, 0.9897879603047224, 0.9897879603047224, 0.9897845694780387, 0.9897811786513553, 0.9897743969979882, 0.9897676153446211, 0.9897597034156927, 0.9897585731401316, 0.9897540520378869, 0.9897551823134481, 0.9897495309356421, 0.9897517914867645, 0.989748400660081, 0.9897404887311527, 0.9897393584555915]}