{"sparsity": [0.8, 0.85, 0.9, 0.92, 0.94, 0.96, 0.98], "mse": [6.757246926932127e-06, 2.127484819872876e-08, 6.93970490540915e-06, 2.5343710952513967e-05, 6.0801057337294554e-06, 2.740058362663225e-07, 0.00371650970112715], "metabolic_cost": [0.272494958948206, 0.23430492259837965, 0.17647761592158565, 0.15921924732349538, 0.14828773781105326, 0.13248245804398148, 0.09447258843315974], "recovery_time": [55, 50, 150, 150, 50, 50, 150], "diversity": [1.0, 1.0, 1.0, 1.0, 1.0, 1.0, 1.0]}