Category,Topology,Source Framework,Precision,Inferred With,CPU,GPU,NPU,Last Verified
Sound Classification,aclnet,onnx,FP32,OpenVINO,passed,passed,passed,OpenVINO 2026.2
Sound Classification,aclnet,onnx,FP16,OpenVINO,passed,passed,passed,OpenVINO 2026.2
Sound Classification,aclnet,onnx,FP16-INT8,OpenVINO,passed,passed,passed,OpenVINO 2026.2
Sound Classification,aclnet-int8,onnx,FP16-INT8,OpenVINO,passed,passed,,OpenVINO 2026.2
Object Detection,action-recognition-0001,onnx,FP32,OpenVINO,passed,passed,passed,OpenVINO 2026.2
Object Detection,action-recognition-0001,onnx,FP16,OpenVINO,passed,passed,passed,OpenVINO 2026.2
Large Language Model,afm-4.5b,pytorch,FP16,OpenVINO,passed,passed,,OpenVINO 2026.2
Large Language Model,afm-4.5b,pytorch,INT8-CW,OpenVINO,passed,passed,,OpenVINO 2026.2
Large Language Model,afm-4.5b,pytorch,INT4-MIXED,OpenVINO,passed,passed,,OpenVINO 2026.2
Natural Language Processing,Albert,pytorch,FP32,torch.compile,passed,passed,passed,OpenVINO 2026.2
Natural Language Processing,albert-base-v2,onnx,FP32,OpenVINO,passed,passed,,OpenVINO 2026.2
Natural Language Processing,albert-base-v2,onnx,FP16,OpenVINO,passed,passed,,OpenVINO 2026.2
Natural Language Processing,albert-base-v2,pytorch,FP32,torch.compile,passed,passed,passed,OpenVINO 2026.2
Natural Language Processing,albert-base-v2,pytorch,intel-optimum default,Optimum Intel,passed,passed,,OpenVINO 2026.2
Natural Language Processing,albert-base-v2-sst2,pytorch,intel-optimum default,Optimum Intel,passed,passed,,OpenVINO 2026.2
Natural Language Processing,albert-large-v2,pytorch,FP32,torch.compile,passed,passed,passed,OpenVINO 2026.2
Natural Language Processing,albert-large-v2,pytorch,intel-optimum default,Optimum Intel,passed,passed,,OpenVINO 2026.2
Natural Language Processing,albert-large-v2-finetuned-mnli,pytorch,intel-optimum default,Optimum Intel,passed,passed,,OpenVINO 2026.2
Image Classification,alexnet,onnx,FP32,OpenVINO,passed,passed,passed,OpenVINO 2026.2
Image Classification,alexnet,pytorch,FP32,OpenVINO,passed,passed,,OpenVINO 2026.2
Image Classification,alexnet,onnx,FP16,OpenVINO,passed,passed,passed,OpenVINO 2026.2
Image Classification,alexnet,onnx,FP16-INT8,OpenVINO,passed,passed,passed,OpenVINO 2026.2
Image Classification,alexnet,pytorch,FP32,torch.compile,passed,passed,passed,OpenVINO 2026.2
Image Classification,alexnet,pytorch,FP32-INT8,OpenVINO,passed,passed,passed,OpenVINO 2026.2
Image Classification,anti-spoof-mn3,onnx,FP32,OpenVINO,passed,passed,passed,OpenVINO 2026.2
Image Classification,anti-spoof-mn3,onnx,FP16,OpenVINO,passed,passed,passed,OpenVINO 2026.2
Image Classification,anti-spoof-mn3,onnx,FP16-INT8,OpenVINO,passed,passed,passed,OpenVINO 2026.2
Large Language Model,Aquila2-7B,pytorch,INT4,Optimum Intel,passed,passed,,OpenVINO 2026.2
Large Language Model,Aquila-7B,pytorch,INT4,Optimum Intel,passed,passed,,OpenVINO 2026.2
Large Language Model,AquilaChat2-7B,pytorch,INT4,Optimum Intel,passed,passed,,OpenVINO 2026.2
Large Language Model,AquilaChat-7B,pytorch,INT4,Optimum Intel,passed,passed,,OpenVINO 2026.2
Image Classification,asl-recognition-0003,onnx,FP32,OpenVINO,passed,passed,passed,OpenVINO 2026.2
Image Classification,asl-recognition-0003,onnx,FP16,OpenVINO,passed,passed,passed,OpenVINO 2026.2
Image Classification,asl-recognition-0003,onnx,FP16-INT8,OpenVINO,passed,passed,,OpenVINO 2026.2
Image Classification,asl-recognition-0004,onnx,FP32,OpenVINO,passed,passed,passed,OpenVINO 2026.2
Image Classification,asl-recognition-0004,onnx,FP16,OpenVINO,passed,passed,passed,OpenVINO 2026.2
Audio Classification,ast-finetuned-speech-commands-v2,pytorch,intel-optimum default,Optimum Intel,passed,passed,,OpenVINO 2026.2
Text Recognition,attention-ocr,tf,FP32,OpenVINO,passed,passed,,OpenVINO 2026.2
Text Recognition,attention-ocr,tf,FP16,OpenVINO,passed,passed,,OpenVINO 2026.2
Text Recognition,attention-ocr,tf,FP16-INT8,OpenVINO,,passed,,OpenVINO 2026.2
Video Processing ,Background_Matting,pytorch,FP32,torch.compile,passed,passed,passed,OpenVINO 2026.2
Semantic Segmentation,background-matting-mobilenetv2,onnx,FP32,OpenVINO,passed,,,OpenVINO 2026.2
Semantic Segmentation,background-matting-mobilenetv2,onnx,FP16,OpenVINO,passed,,,OpenVINO 2026.2
Semantic Segmentation,background-matting-mobilenetv2,onnx,FP16-INT8,OpenVINO,passed,,,OpenVINO 2026.2
Large Language Model,baichuan2-13b-chat,pytorch,FP16,OpenVINO,passed,passed,,OpenVINO 2026.2
Large Language Model,baichuan2-13b-chat,pytorch,INT4-MIXED,OpenVINO,passed,passed,,OpenVINO 2026.2
Large Language Model,baichuan2-13b-chat,pytorch,INT8-CW,OpenVINO,passed,passed,,OpenVINO 2026.2
Large Language Model,baichuan2-7b-chat,pytorch,INT8-CW,OpenVINO,passed,passed,,OpenVINO 2026.2
Large Language Model,baichuan2-7b-chat,pytorch,INT4-MIXED,OpenVINO,passed,passed,,OpenVINO 2026.2
Large Language Model,baichuan2-7b-chat,pytorch,FP16,OpenVINO,passed,passed,,OpenVINO 2026.2
Large Language Model,Baichuan2-7B-Chat,pytorch,INT4,Optimum Intel,passed,passed,,OpenVINO 2026.2
Natural Language Processing,bart-base,pytorch,FP32,torch.compile,passed,passed,passed,OpenVINO 2026.2
Natural Language Processing,bart-base-japanese,pytorch,intel-optimum default,Optimum Intel,passed,passed,,OpenVINO 2026.2
Natural Language Processing,barthez-orangesum-abstract,pytorch,FP32,torch.compile,passed,passed,passed,OpenVINO 2026.2
Natural Language Processing,bce-embedding-base_v1,pytorch,FP16,OpenVINO,passed,passed,passed,OpenVINO 2026.2
Natural Language Processing,bce-embedding-base_v1,pytorch,FP16-INT8,OpenVINO,passed,passed,passed,OpenVINO 2026.2
"Image Processing, Enhancement ",began,onnx,FP32,OpenVINO,passed,passed,passed,OpenVINO 2026.2
"Image Processing, Enhancement ",began,onnx,FP16,OpenVINO,passed,passed,passed,OpenVINO 2026.2
"Image Processing, Enhancement ",began,onnx,FP16-INT8,OpenVINO,passed,passed,passed,OpenVINO 2026.2
Image Classification,beit_large_patch16_224.in22k_ft_in22k_in1k,pytorch,FP32,torch.compile,passed,passed,passed,OpenVINO 2026.2
Image Classification,beit-base-patch16-224-pt22k-ft22k,pytorch,intel-optimum default,Optimum Intel,passed,passed,,OpenVINO 2026.2
Image Classification,beitv2_large_patch16_224.in1k_ft_in22k_in1k,pytorch,FP32,torch.compile,passed,passed,passed,OpenVINO 2026.2
Natural Language Processing,Bert,pytorch,FP32,torch.compile,passed,passed,passed,OpenVINO 2026.2
Natural Language Processing,Bert_large,pytorch,FP32,torch.compile,passed,passed,passed,OpenVINO 2026.2
Natural Language Processing,BERT_pytorch,pytorch,FP32,torch.compile,passed,passed,passed,OpenVINO 2026.2
Natural Language Processing,bert-base-arabertv02,pytorch,FP32,torch.compile,passed,passed,passed,OpenVINO 2026.2
Natural Language Processing,bert-base-cased,onnx,FP32,OpenVINO,passed,passed,passed,OpenVINO 2026.2
Natural Language Processing,bert-base-cased,onnx,FP16,OpenVINO,passed,passed,passed,OpenVINO 2026.2
Natural Language Processing,bert-base-cased,onnx,FP16-INT8,OpenVINO,passed,passed,passed,OpenVINO 2026.2
Natural Language Processing,bert-base-cased,paddle,FP16,OpenVINO,passed,passed,passed,OpenVINO 2026.2
Natural Language Processing,bert-base-cased,paddle,FP32,OpenVINO,passed,passed,passed,OpenVINO 2026.2
Natural Language Processing,bert-base-cased,pytorch,FP32,torch.compile,passed,passed,passed,OpenVINO 2026.2
Natural Language Processing,bert-base-cased,paddle,INT8,OpenVINO,passed,passed,passed,OpenVINO 2026.2
Natural Language Processing,bert-base-cased-conversational,pytorch,intel-optimum default,Optimum Intel,passed,passed,,OpenVINO 2026.2
Natural Language Processing,bert-base-cased-squad2,onnx,FP32,OpenVINO,passed,passed,passed,OpenVINO 2026.2
Natural Language Processing,bert-base-cased-squad2,onnx,FP16,OpenVINO,passed,passed,passed,OpenVINO 2026.2
Natural Language Processing,bert-base-cased-squad2,pytorch,intel-optimum default,Optimum Intel,passed,passed,,OpenVINO 2026.2
Natural Language Processing,bert-base-chinese-xnli-zh,tf,FP32,OpenVINO,passed,passed,,OpenVINO 2026.2
Natural Language Processing,bert-base-chinese-xnli-zh,tf,FP16,OpenVINO,passed,passed,,OpenVINO 2026.2
Natural Language Processing,bert-base-chinese-xnli-zh,tf,FP16-INT8,OpenVINO,passed,passed,,OpenVINO 2026.2
Natural Language Processing,bert-base-multilingual-cased,onnx,FP16,OpenVINO,passed,passed,passed,OpenVINO 2026.2
Natural Language Processing,bert-base-multilingual-cased,pytorch,FP16,OpenVINO,passed,passed,passed,OpenVINO 2026.2
Natural Language Processing,bert-base-multilingual-cased,pytorch,FP16-INT8,OpenVINO,passed,passed,passed,OpenVINO 2026.2
Natural Language Processing,bert-base-multilingual-cased,pytorch,FP32,torch.compile,passed,passed,passed,OpenVINO 2026.2
Natural Language Processing,bert-base-ner,onnx,FP32,OpenVINO,passed,passed,passed,OpenVINO 2026.2
Natural Language Processing,bert-base-ner,onnx,FP16,OpenVINO,passed,passed,passed,OpenVINO 2026.2
Natural Language Processing,bert-base-ner,onnx,FP16-INT8,OpenVINO,passed,passed,passed,OpenVINO 2026.2
Natural Language Processing,bert-base-NER,pytorch,FP32,torch.compile,passed,passed,passed,OpenVINO 2026.2
Natural Language Processing,bert-base-NER,pytorch,intel-optimum default,Optimum Intel,passed,passed,,OpenVINO 2026.2
Natural Language Processing,bert-base-uncased,pytorch,intel-optimum default,Optimum Intel,passed,passed,,OpenVINO 2026.2
Natural Language Processing,bert-base-uncased,pytorch,FP32,torch.compile,passed,passed,passed,OpenVINO 2026.2
Natural Language Processing,bert-base-uncased-mrpc,onnx,FP32,OpenVINO,passed,passed,,OpenVINO 2026.2
Natural Language Processing,bert-base-uncased-mrpc,onnx,FP16,OpenVINO,passed,passed,,OpenVINO 2026.2
Natural Language Processing,bert-base-uncased-mrpc,pytorch,FP16,OpenVINO,passed,passed,passed,OpenVINO 2026.2
Natural Language Processing,bert-base-uncased-mrpc,onnx,FP16-INT8,OpenVINO,passed,passed,,OpenVINO 2026.2
Natural Language Processing,bert-base-uncased-mrpc,pytorch,FP16-INT8,OpenVINO,passed,passed,passed,OpenVINO 2026.2
Natural Language Processing,bert-base-uncased-mrpc,pytorch,FP32,torch.compile,passed,passed,passed,OpenVINO 2026.2
Natural Language Processing,bert-base-uncased-sparse-70-unstructured,pytorch,FP32,torch.compile,passed,passed,passed,OpenVINO 2026.2
Natural Language Processing,bert-base-uncased-yelp-polarity,pytorch,intel-optimum default,Optimum Intel,passed,passed,,OpenVINO 2026.2
Natural Language Processing,bert-large-cased,onnx,FP32,OpenVINO,passed,passed,,OpenVINO 2026.2
Natural Language Processing,bert-large-cased,onnx,FP16,OpenVINO,passed,passed,,OpenVINO 2026.2
Natural Language Processing,bert-large-cased,onnx,FP16-INT8,OpenVINO,passed,passed,,OpenVINO 2026.2
Natural Language Processing,bert-large-cased,pytorch,FP32,torch.compile,passed,passed,passed,OpenVINO 2026.2
Natural Language Processing,BERT-Large-CT-STSb,pytorch,intel-optimum default,Optimum Intel,passed,passed,,OpenVINO 2026.2
Natural Language Processing,bert-large-NER,pytorch,intel-optimum default,Optimum Intel,passed,passed,,OpenVINO 2026.2
Natural Language Processing,bert-large-uncased,onnx,FP32,OpenVINO,passed,passed,passed,OpenVINO 2026.2
Natural Language Processing,bert-large-uncased,onnx,FP16,OpenVINO,passed,passed,passed,OpenVINO 2026.2
Natural Language Processing,bert-large-uncased,pytorch,FP16,OpenVINO,passed,passed,passed,OpenVINO 2026.2
Natural Language Processing,bert-large-uncased,pytorch,FP32,torch.compile,passed,passed,passed,OpenVINO 2026.2
Natural Language Processing,bert-large-uncased,pytorch,intel-optimum default,Optimum Intel,passed,passed,,OpenVINO 2026.2
Natural Language Processing,bert-large-uncased-whole-word-masking,pytorch,FP32,torch.compile,passed,passed,passed,OpenVINO 2026.2
Natural Language Processing,bert-large-uncased-whole-word-masking-finetuned-squad,pytorch,intel-optimum default,Optimum Intel,passed,passed,,OpenVINO 2026.2
Natural Language Processing,bert-large-uncased-whole-word-masking-finetuned-sst-2,pytorch,intel-optimum default,Optimum Intel,passed,passed,,OpenVINO 2026.2
Natural Language Processing,bert-large-uncased-whole-word-masking-squad-0001,onnx,FP32,OpenVINO,passed,passed,passed,OpenVINO 2026.2
Natural Language Processing,bert-large-uncased-whole-word-masking-squad-0001,onnx,FP16,OpenVINO,passed,passed,passed,OpenVINO 2026.2
Natural Language Processing,bert-large-uncased-whole-word-masking-squad-emb-0001,onnx,FP32,OpenVINO,,passed,passed,OpenVINO 2026.2
Natural Language Processing,bert-large-uncased-whole-word-masking-squad-emb-0001,onnx,FP16,OpenVINO,,passed,passed,OpenVINO 2026.2
Natural Language Processing,bert-large-uncased-whole-word-masking-squad-int8-0001,onnx,FP16-INT8,OpenVINO,passed,passed,passed,OpenVINO 2026.2
Large Language Model,bert-small-finetuned-squadv2,pytorch,intel-optimum default,Optimum Intel,passed,passed,,OpenVINO 2026.2
Natural Language Processing,bert-small-uncased-whole-word-masking-squad-0001,onnx,FP32,OpenVINO,passed,passed,passed,OpenVINO 2026.2
Natural Language Processing,bert-small-uncased-whole-word-masking-squad-0001,onnx,FP16,OpenVINO,passed,passed,,OpenVINO 2026.2
Natural Language Processing,bert-small-uncased-whole-word-masking-squad-0001,onnx,FP16-INT8,OpenVINO,passed,passed,,OpenVINO 2026.2
Natural Language Processing,bert-small-uncased-whole-word-masking-squad-0002,onnx,FP32,OpenVINO,passed,passed,,OpenVINO 2026.2
Natural Language Processing,bert-small-uncased-whole-word-masking-squad-0002,onnx,FP16,OpenVINO,passed,passed,passed,OpenVINO 2026.2
Natural Language Processing,bert-small-uncased-whole-word-masking-squad-emb-int8-0001,onnx,FP16-INT8,OpenVINO,passed,passed,,OpenVINO 2026.2
Natural Language Processing,bert-small-uncased-whole-word-masking-squad-int8-0002,onnx,FP16-INT8,OpenVINO,passed,passed,,OpenVINO 2026.2
Natural Language Processing,bge-base-en-v1.5,pytorch,FP16,OpenVINO,passed,passed,passed,OpenVINO 2026.2
Natural Language Processing,bge-base-en-v1.5,pytorch,FP16-INT8,OpenVINO,passed,passed,passed,OpenVINO 2026.2
Natural Language Processing,bge-large-en-v1.5,pytorch,intel-optimum default,Optimum Intel,passed,passed,,OpenVINO 2026.2
Natural Language Processing,bge-reranker-base,pytorch,intel-optimum default,Optimum Intel,passed,passed,,OpenVINO 2026.2
Natural Language Processing,bge-reranker-large,pytorch,intel-optimum default,Optimum Intel,passed,passed,,OpenVINO 2026.2
Natural Language Processing,BigBird,pytorch,FP32,torch.compile,passed,passed,passed,OpenVINO 2026.2
Natural Language Processing,bigbird-pegasus-large-arxiv,pytorch,FP32,torch.compile,passed,passed,passed,OpenVINO 2026.2
Natural Language Processing,bigbird-roberta-base,pytorch,FP32,torch.compile,passed,passed,passed,OpenVINO 2026.2
Natural Language Processing,Bio_ClinicalBERT,pytorch,FP32,torch.compile,passed,passed,passed,OpenVINO 2026.2
Large Language Model,BioMedLM,pytorch,INT4,Optimum Intel,passed,passed,,OpenVINO 2026.2
Large Language Model,biomistral-7b-slerp,pytorch,INT8-CW,OpenVINO,passed,passed,,OpenVINO 2026.2
Large Language Model,biomistral-7b-slerp,pytorch,INT4-MIXED,OpenVINO,passed,passed,passed,OpenVINO 2026.2
Large Language Model,biomistral-7b-slerp,pytorch,FP16,OpenVINO,passed,passed,,OpenVINO 2026.2
Natural Language Processing,blenderbot-400M-distill,pytorch,intel-optimum default,Optimum Intel,passed,passed,,OpenVINO 2026.2
Large Language Model,bloom,pytorch,FP32,torch.compile,passed,passed,passed,OpenVINO 2026.2
Large Language Model,bloom-560m,pytorch,INT4,Optimum Intel,passed,passed,,OpenVINO 2026.2
Large Language Model,bloomz-1b1,pytorch,INT4,Optimum Intel,passed,passed,,OpenVINO 2026.2
Large Language Model,bloomz-1b4-zh,pytorch,FP16,OpenVINO,passed,,,OpenVINO 2026.2
Large Language Model,bloomz-1b4-zh,pytorch,INT4-MIXED,OpenVINO,passed,,,OpenVINO 2026.2
Large Language Model,bloomz-1b4-zh,pytorch,INT8-CW,OpenVINO,passed,,,OpenVINO 2026.2
Large Language Model,bloomz-3b,pytorch,INT4,Optimum Intel,passed,passed,,OpenVINO 2026.2
Large Language Model,bloomz-7b1,pytorch,FP16,OpenVINO,passed,passed,,OpenVINO 2026.2
Large Language Model,bloomz-7b1,pytorch,INT8-CW,OpenVINO,passed,passed,,OpenVINO 2026.2
Large Language Model,bloomz-7b1,pytorch,INT4-MIXED,OpenVINO,passed,passed,,OpenVINO 2026.2
Large Language Model,bloomz-7b1-mt,pytorch,INT4,Optimum Intel,passed,passed,,OpenVINO 2026.2
Image Classification,botnet26t_256,pytorch,FP32,torch.compile,passed,passed,passed,OpenVINO 2026.2
Image Classification,brain-tumor-segmentation-0002,onnx,FP32,OpenVINO,passed,,,OpenVINO 2026.2
Image Classification,brain-tumor-segmentation-0002,onnx,FP16,OpenVINO,passed,,,OpenVINO 2026.2
Image Classification,brain-tumor-segmentation-0002,onnx,FP16-INT8,OpenVINO,passed,,,OpenVINO 2026.2
Image Classification,cait_s24_224,pytorch,FP32,torch.compile,passed,passed,passed,OpenVINO 2026.2
Natural Language Processing,camembert-base,pytorch,FP32,torch.compile,passed,passed,passed,OpenVINO 2026.2
Natural Language Processing,canine-s,pytorch,FP32,torch.compile,passed,passed,passed,OpenVINO 2026.2
Object Detection,cascade_mask_rcnn_R_50_FPN_1x,pytorch,FP32,torch.compile,,passed,,OpenVINO 2026.2
Object Detection,cascade_rcnn_resnet101_fpn_1x_coco,onnx,FP16,OpenVINO,passed,,,OpenVINO 2026.2
Object Detection,cascade_rcnn_resnet101_fpn_1x_coco,onnx,FP16-INT8,OpenVINO,passed,,,OpenVINO 2026.2
Object Detection,cascade_rcnn_resnet101_fpn_1x_coco,onnx,FP32,OpenVINO,passed,,,OpenVINO 2026.2
Object Detection,centernet-hg104,tf2,FP16,OpenVINO,passed,passed,,OpenVINO 2026.2
Object Detection,centernet-hg104,tf2,FP32,OpenVINO,passed,passed,,OpenVINO 2026.2
Object Detection,centernet-hg104,tf,FP16,OpenVINO,passed,passed,,OpenVINO 2026.2
Object Detection,centernet-hg104,tf,FP32,OpenVINO,,passed,,OpenVINO 2026.2
Object Detection,centernet-resnet,tf,FP32,OpenVINO,passed,passed,passed,OpenVINO 2026.2
Object Detection,centernet-resnet,tf,FP16,OpenVINO,passed,passed,passed,OpenVINO 2026.2
Large Language Model,chatglm3-6b,pytorch,INT4-MIXED,OpenVINO,passed,passed,,OpenVINO 2026.2
Large Language Model,chatglm3-6b,pytorch,FP16,OpenVINO,passed,passed,,OpenVINO 2026.2
Large Language Model,chatglm3-6b,pytorch,INT8-CW,OpenVINO,passed,passed,,OpenVINO 2026.2
Natural Language Processing,chinese_pretrain_mrc_macbert_large,pytorch,FP32,torch.compile,passed,passed,passed,OpenVINO 2026.2
Natural Language Processing,chinese-xlnet-base,pytorch,FP32,torch.compile,passed,passed,,OpenVINO 2026.2
Image Classification,clip-vit-b-16-plus-240-laion400m-e32,onnx,FP32,OpenVINO,passed,passed,,OpenVINO 2026.2
Image Classification,clip-vit-b-16-plus-240-laion400m-e32,onnx,FP16,OpenVINO,passed,passed,,OpenVINO 2026.2
Image Classification,clip-vit-b-32-laion2b-s34b-b79k,pytorch,FP16,OpenVINO,passed,passed,,OpenVINO 2026.2
Image Classification,clip-vit-b-32-laion2b-s34b-b79k,pytorch,FP16-INT8,OpenVINO,passed,passed,passed,OpenVINO 2026.2
Image Classification,clip-vit-base-patch16,pytorch,FP16,OpenVINO,passed,passed,,OpenVINO 2026.2
Image Classification,clip-vit-base-patch16,pytorch,FP16-INT8,OpenVINO,passed,passed,passed,OpenVINO 2026.2
Image Classification,clip-vit-base-patch32,pytorch,FP16,OpenVINO,passed,passed,,OpenVINO 2026.2
Image Classification,clip-vit-base-patch32,pytorch,FP32,torch.compile,passed,passed,passed,OpenVINO 2026.2
Image Classification,clip-vit-large-patch14,pytorch,FP16,OpenVINO,passed,passed,,OpenVINO 2026.2
Image Classification,clip-vit-large-patch14,pytorch,FP16-INT8,OpenVINO,passed,passed,,OpenVINO 2026.2
Image Classification,coat_mini,pytorch,FP32,torch.compile,passed,passed,passed,OpenVINO 2026.2
Image Classification,coatnet_1_rw_224.sw_in1k,pytorch,FP32,torch.compile,passed,passed,passed,OpenVINO 2026.2
Image Classification,coatnet_rmlp_2_rw_224.sw_in12k_ft_in1k,pytorch,FP32,torch.compile,passed,passed,passed,OpenVINO 2026.2
Image Classification,coatnext_nano_rw_224.sw_in1k,pytorch,FP32,torch.compile,passed,passed,passed,OpenVINO 2026.2
Large Language Model,codegemma-1.1-2b,pytorch,INT4,Optimum Intel,passed,passed,,OpenVINO 2026.2
Large Language Model,codegemma-1.1-7b-it,pytorch,INT4,Optimum Intel,passed,passed,,OpenVINO 2026.2
Large Language Model,codegemma-2b,pytorch,INT4,Optimum Intel,passed,passed,,OpenVINO 2026.2
Large Language Model,codegemma-7b,pytorch,INT4,Optimum Intel,passed,passed,,OpenVINO 2026.2
Large Language Model,codegen2-1B_P,pytorch,INT4,Optimum Intel,passed,passed,,OpenVINO 2026.2
Large Language Model,codegen-2B-multi,pytorch,INT4,Optimum Intel,passed,passed,,OpenVINO 2026.2
Large Language Model,codegen-350M-mono,pytorch,INT4,Optimum Intel,passed,passed,,OpenVINO 2026.2
Large Language Model,codellama-7b,pytorch,INT4-MIXED,OpenVINO,passed,passed,,OpenVINO 2026.2
Large Language Model,codellama-7b,pytorch,INT8-CW,OpenVINO,passed,passed,,OpenVINO 2026.2
Large Language Model,codellama-7b,pytorch,FP16,OpenVINO,passed,passed,,OpenVINO 2026.2
Large Language Model,CodeQwen1.5-7B-Chat,pytorch,INT4,Optimum Intel,passed,passed,,OpenVINO 2026.2
Large Language Model,codet5-base-sum,pytorch,FP16,OpenVINO,passed,,,OpenVINO 2026.2
Large Language Model,codet5-base-sum,pytorch,INT4-MIXED,OpenVINO,passed,,,OpenVINO 2026.2
Large Language Model,codet5-base-sum,pytorch,INT8-CW,OpenVINO,passed,,,OpenVINO 2026.2
Colorization,colorization-siggraph,onnx,FP32,OpenVINO,passed,passed,passed,OpenVINO 2026.2
Colorization,colorization-siggraph,onnx,FP16,OpenVINO,passed,passed,passed,OpenVINO 2026.2
Colorization,colorization-siggraph,onnx,FP16-INT8,OpenVINO,passed,passed,passed,OpenVINO 2026.2
Colorization,colorization-v2,onnx,FP32,OpenVINO,passed,passed,passed,OpenVINO 2026.2
Colorization,colorization-v2,onnx,FP16,OpenVINO,passed,passed,passed,OpenVINO 2026.2
Colorization,colorization-v2,onnx,FP16-INT8,OpenVINO,passed,passed,passed,OpenVINO 2026.2
Image Classification,common-sign-language-0001,onnx,FP32,OpenVINO,passed,passed,passed,OpenVINO 2026.2
Image Classification,common-sign-language-0001,onnx,FP16,OpenVINO,passed,passed,passed,OpenVINO 2026.2
Image Classification,common-sign-language-0002,onnx,FP32,OpenVINO,passed,passed,passed,OpenVINO 2026.2
Image Classification,common-sign-language-0002,onnx,FP16,OpenVINO,passed,passed,passed,OpenVINO 2026.2
Image Classification,common-sign-language-0002,onnx,FP16-INT8,OpenVINO,passed,passed,,OpenVINO 2026.2
Natural Language Processing,contriever,pytorch,FP16,OpenVINO,passed,passed,passed,OpenVINO 2026.2
Natural Language Processing,convbert-base-turkish-mc4-toxicity-uncased,pytorch,intel-optimum default,Optimum Intel,passed,passed,,OpenVINO 2026.2
Image Classification,convit_small,pytorch,FP32,torch.compile,passed,passed,passed,OpenVINO 2026.2
Image Classification,convmixer_1024_20_ks9_p14,pytorch,FP32,torch.compile,passed,passed,passed,OpenVINO 2026.2
Image Classification,convnext_base,pytorch,FP32,torch.compile,passed,passed,passed,OpenVINO 2026.2
Image Classification,convnext_large,pytorch,FP32,torch.compile,passed,passed,passed,OpenVINO 2026.2
Image Classification,convnext_large.fb_in1k,pytorch,FP32,torch.compile,passed,passed,passed,OpenVINO 2026.2
Image Classification,convnext_small,pytorch,FP32,torch.compile,passed,passed,passed,OpenVINO 2026.2
Image Classification,convnext_tiny,pytorch,FP32,torch.compile,passed,passed,passed,OpenVINO 2026.2
Image Classification,convnext-base-224,pytorch,intel-optimum default,Optimum Intel,passed,passed,,OpenVINO 2026.2
Image Classification,convnext-tiny,onnx,FP32,OpenVINO,,,passed,OpenVINO 2026.2
Image Classification,convnext-tiny,pytorch,FP32,OpenVINO,passed,passed,passed,OpenVINO 2026.2
Image Classification,convnext-tiny,onnx,FP16,OpenVINO,,,passed,OpenVINO 2026.2
Image Classification,convnext-tiny,pytorch,FP16,OpenVINO,,,passed,OpenVINO 2026.2
Image Classification,convnext-tiny,pytorch,FP16-INT8,OpenVINO,,,passed,OpenVINO 2026.2
Image Classification,convnext-tiny,pytorch,FP32-INT8,OpenVINO,passed,passed,passed,OpenVINO 2026.2
Image Classification,convnextv2_large.fcmae_ft_in22k_in1k,pytorch,FP32,torch.compile,passed,passed,passed,OpenVINO 2026.2
Image Classification,convnextv2-tiny-1k-224,pytorch,FP16,OpenVINO,,,passed,OpenVINO 2026.2
"Image Processing, Enhancement ",corel_nnart_001,onnx,FP16,OpenVINO,,passed,,OpenVINO 2026.2
"Image Processing, Enhancement ",corel_nnart_001,onnx,FP16-INT8,OpenVINO,,passed,,OpenVINO 2026.2
"Image Processing, Enhancement ",corel_nnart_001,onnx,FP32,OpenVINO,passed,,,OpenVINO 2026.2
Text Recognition,crnn-tf,tf,FP32,OpenVINO,passed,passed,,OpenVINO 2026.2
Text Recognition,crnn-tf,tf,FP16,OpenVINO,passed,passed,,OpenVINO 2026.2
Text Recognition,crnn-tf,tf,FP16-INT8,OpenVINO,passed,passed,,OpenVINO 2026.2
Image Classification,crossvit_15_dagger_240,pytorch,FP32,torch.compile,passed,passed,passed,OpenVINO 2026.2
Image Classification,crossvit_small_240,pytorch,FP32,torch.compile,passed,passed,passed,OpenVINO 2026.2
Image Classification,cs3darknet_focus_m,pytorch,FP32,torch.compile,passed,passed,passed,OpenVINO 2026.2
Image Classification,cs3darknet_m,pytorch,FP32,torch.compile,passed,passed,passed,OpenVINO 2026.2
Image Classification,cs3edgenet_x,pytorch,FP32,torch.compile,passed,passed,passed,OpenVINO 2026.2
Image Classification,cs3se_edgenet_x,pytorch,FP32,torch.compile,passed,passed,passed,OpenVINO 2026.2
Image Classification,cs3sedarknet_l,pytorch,FP32,torch.compile,passed,passed,passed,OpenVINO 2026.2
Image Classification,cspdarknet53,pytorch,FP32,torch.compile,passed,passed,passed,OpenVINO 2026.2
Image Classification,cspresnet50,pytorch,FP32,torch.compile,passed,passed,passed,OpenVINO 2026.2
Image Classification,cspresnext50,pytorch,FP32,torch.compile,passed,passed,passed,OpenVINO 2026.2
Object Detection,ctdet_coco_dlav0_512,onnx,FP32,OpenVINO,passed,passed,,OpenVINO 2026.2
Object Detection,ctdet_coco_dlav0_512,onnx,FP16,OpenVINO,passed,passed,passed,OpenVINO 2026.2
Object Detection,ctdet_coco_dlav0_512,onnx,FP16-INT8,OpenVINO,passed,passed,passed,OpenVINO 2026.2
Text Detection,ctpn,tf,FP32,OpenVINO,passed,passed,,OpenVINO 2026.2
Text Detection,ctpn,tf,FP16,OpenVINO,passed,passed,,OpenVINO 2026.2
Text Detection,ctpn,tf,FP16-INT8,OpenVINO,passed,passed,,OpenVINO 2026.2
Image Classification,darknet19,tf,FP32,OpenVINO,passed,passed,passed,OpenVINO 2026.2
Image Classification,darknet19,tf,FP16,OpenVINO,passed,passed,passed,OpenVINO 2026.2
Image Classification,darknet19,tf,FP16-INT8,OpenVINO,passed,passed,passed,OpenVINO 2026.2
Image Classification,darknet53,pytorch,FP32,torch.compile,passed,passed,passed,OpenVINO 2026.2
Audio,data2vec2-base,onnx,FP32,OpenVINO,passed,passed,passed,OpenVINO 2026.2
Audio,data2vec2-base,onnx,FP16,OpenVINO,passed,passed,passed,OpenVINO 2026.2
Image Classification,davit_small.msft_in1k,pytorch,FP32,torch.compile,passed,passed,passed,OpenVINO 2026.2
Image Generation,dcgan,pytorch,FP32,torch.compile,passed,passed,passed,OpenVINO 2026.2
Natural Language Processing,deberta-base,pytorch,FP32,torch.compile,passed,passed,passed,OpenVINO 2026.2
Natural Language Processing,deberta-large,pytorch,FP32,torch.compile,passed,passed,passed,OpenVINO 2026.2
Natural Language Processing,deberta-v2-xlarge,pytorch,FP32,torch.compile,passed,passed,passed,OpenVINO 2026.2
Natural Language Processing,deberta-v3-large,pytorch,intel-optimum default,Optimum Intel,passed,passed,,OpenVINO 2026.2
"Image Processing, Enhancement ",deblurgan-v2,onnx,FP32,OpenVINO,passed,passed,passed,OpenVINO 2026.2
"Image Processing, Enhancement ",deblurgan-v2,onnx,FP16,OpenVINO,passed,passed,passed,OpenVINO 2026.2
Semantic Segmentation,deeplabv3,tf,FP32,OpenVINO,passed,passed,passed,OpenVINO 2026.2
Semantic Segmentation,deeplabv3,tf,FP16,OpenVINO,passed,passed,passed,OpenVINO 2026.2
Semantic Segmentation,deeplabv3,tf,FP16-INT8,OpenVINO,passed,passed,passed,OpenVINO 2026.2
Semantic Segmentation,deeplabv3_mobilenet_v3_large,pytorch,FP32,torch.compile,passed,passed,passed,OpenVINO 2026.2
Semantic Segmentation,deeplabv3_resnet101,pytorch,FP32,torch.compile,passed,passed,passed,OpenVINO 2026.2
Semantic Segmentation,deeplabv3_resnet50,pytorch,FP32,torch.compile,passed,passed,passed,OpenVINO 2026.2
Image Segmentation,deeplabv3-mobilenetv3,onnx,FP32,OpenVINO,passed,passed,passed,OpenVINO 2026.2
Image Segmentation,deeplabv3-mobilenetv3,onnx,FP16,OpenVINO,passed,passed,passed,OpenVINO 2026.2
Image Segmentation,deeplabv3-mobilenetv3,onnx,FP16-INT8,OpenVINO,passed,passed,passed,OpenVINO 2026.2
Semantic Segmentation,deeplab-v3p-resnet50-os8,paddle,FP16,OpenVINO,passed,passed,,OpenVINO 2026.2
Semantic Segmentation,deeplab-v3p-resnet50-os8,paddle,FP32,OpenVINO,passed,passed,,OpenVINO 2026.2
Semantic Segmentation,deeplab-v3p-resnet50-os8,paddle,INT8,OpenVINO,passed,passed,,OpenVINO 2026.2
Large Language Model,deepseek-r1-distill-llama-8b,pytorch,FP4-NORMALIZED,OpenVINO,,passed,passed,OpenVINO 2026.2
Large Language Model,deepseek-r1-distill-llama-8b,pytorch,INT8-CW,OpenVINO,,passed,,OpenVINO 2026.2
Large Language Model,deepseek-r1-distill-llama-8b,pytorch,INT4-MIXED,OpenVINO,passed,passed,passed,OpenVINO 2026.2
Large Language Model,deepseek-r1-distill-llama-8b,pytorch,FP16,OpenVINO,passed,passed,,OpenVINO 2026.2
Large Language Model,deepseek-r1-distill-qwen-1.5b,pytorch,INT4-MIXED,OpenVINO,,passed,passed,OpenVINO 2026.2
Large Language Model,deepseek-r1-distill-qwen-1.5b,pytorch,INT8-CW,OpenVINO,,passed,,OpenVINO 2026.2
Large Language Model,deepseek-r1-distill-qwen-1.5b,pytorch,FP4-NORMALIZED,OpenVINO,,passed,,OpenVINO 2026.2
Large Language Model,deepseek-r1-distill-qwen-1.5b,pytorch,FP16,OpenVINO,,passed,,OpenVINO 2026.2
Large Language Model,deepseek-r1-distill-qwen-14b,pytorch,INT4-MIXED,OpenVINO,,passed,,OpenVINO 2026.2
Large Language Model,deepseek-r1-distill-qwen-14b,pytorch,FP4-NORMALIZED,OpenVINO,,passed,passed,OpenVINO 2026.2
Large Language Model,deepseek-r1-distill-qwen-14b,pytorch,FP16,OpenVINO,passed,,,OpenVINO 2026.2
Large Language Model,deepseek-r1-distill-qwen-14b,pytorch,INT8-CW,OpenVINO,passed,,,OpenVINO 2026.2
Large Language Model,deepseek-r1-distill-qwen-7b,pytorch,INT8-CW,OpenVINO,,passed,,OpenVINO 2026.2
Large Language Model,deepseek-r1-distill-qwen-7b,pytorch,INT4-MIXED,OpenVINO,,passed,passed,OpenVINO 2026.2
Large Language Model,deepseek-r1-distill-qwen-7b,pytorch,FP16,OpenVINO,,passed,,OpenVINO 2026.2
Large Language Model,deepseek-r1-distill-qwen-7b,pytorch,FP4-NORMALIZED,OpenVINO,,passed,passed,OpenVINO 2026.2
DNA Classification,deepvariant_wgs,tf,FP32,OpenVINO,passed,passed,,OpenVINO 2026.2
DNA Classification,deepvariant_wgs,tf,FP16,OpenVINO,passed,passed,,OpenVINO 2026.2
DNA Classification,deepvariant_wgs,tf,FP16-INT8,OpenVINO,passed,passed,,OpenVINO 2026.2
Image Classification,deit_small_patch16_224,pytorch,FP32,torch.compile,passed,passed,passed,OpenVINO 2026.2
Image Classification,deit3_small_patch16_224_in21ft1k,pytorch,FP32,torch.compile,passed,passed,passed,OpenVINO 2026.2
Image Classification,deit-b,onnx,FP32,OpenVINO,passed,passed,passed,OpenVINO 2026.2
Image Classification,deit-b,onnx,FP16,OpenVINO,passed,passed,passed,OpenVINO 2026.2
Image Classification,deit-b,onnx,FP16-INT8,OpenVINO,passed,passed,passed,OpenVINO 2026.2
Audio Enhancement,demucs,pytorch,FP32,torch.compile,passed,passed,passed,OpenVINO 2026.2
Audio Enhancement,Denoise,tf,FP32,OpenVINO,passed,passed,passed,OpenVINO 2026.2
Audio Enhancement,Denoise,tf,FP16,OpenVINO,passed,passed,passed,OpenVINO 2026.2
Audio Enhancement,Denoise,tf,FP16-INT8,OpenVINO,passed,passed,passed,OpenVINO 2026.2
Image Classification,densenet121,pytorch,FP32,torch.compile,passed,passed,passed,OpenVINO 2026.2
Image Classification,densenet-121,onnx,FP32,OpenVINO,passed,passed,passed,OpenVINO 2026.2
Image Classification,densenet-121,tf,FP32,OpenVINO,passed,passed,passed,OpenVINO 2026.2
Image Classification,densenet-121,tf2,FP32,OpenVINO,passed,passed,passed,OpenVINO 2026.2
Image Classification,densenet-121,onnx,FP16,OpenVINO,passed,passed,passed,OpenVINO 2026.2
Image Classification,densenet-121,tf,FP16,OpenVINO,passed,passed,passed,OpenVINO 2026.2
Image Classification,densenet-121,tf2,FP16,OpenVINO,passed,passed,passed,OpenVINO 2026.2
Image Classification,densenet-121,onnx,FP16-INT8,OpenVINO,passed,passed,passed,OpenVINO 2026.2
Image Classification,densenet161,pytorch,FP32,torch.compile,passed,passed,passed,OpenVINO 2026.2
Image Classification,densenet-161,onnx,FP32,OpenVINO,,,passed,OpenVINO 2026.2
Image Classification,densenet-161,pytorch,FP32,OpenVINO,passed,passed,,OpenVINO 2026.2
Image Classification,densenet-161,onnx,FP16,OpenVINO,,,passed,OpenVINO 2026.2
Image Classification,densenet-161,onnx,FP16-INT8,OpenVINO,,,passed,OpenVINO 2026.2
Image Classification,densenet-161,pytorch,FP32-INT8,OpenVINO,passed,passed,,OpenVINO 2026.2
Image Classification,densenet169,pytorch,FP32,torch.compile,passed,passed,passed,OpenVINO 2026.2
Image Classification,densenet201,pytorch,FP32,torch.compile,passed,passed,passed,OpenVINO 2026.2
Image Classification,densenetblur121d,pytorch,FP32,torch.compile,passed,passed,passed,OpenVINO 2026.2
Object Detection,detr_resnet50,onnx,FP32,OpenVINO,passed,passed,passed,OpenVINO 2026.2
Object Detection,detr_resnet50,onnx,FP16,OpenVINO,passed,passed,passed,OpenVINO 2026.2
Object Detection,detr_resnet50,onnx,FP16-INT8,OpenVINO,passed,passed,passed,OpenVINO 2026.2
Object Detection,detr-resnet-50,pytorch,FP16,OpenVINO,,passed,,OpenVINO 2026.2
Click-Through Rate (CTR) Prediction,dien,tf,FP32,OpenVINO,passed,passed,,OpenVINO 2026.2
Click-Through Rate (CTR) Prediction,dien,tf,FP16,OpenVINO,passed,passed,,OpenVINO 2026.2
Behavior / Decision Prediction,dien_alibaba,tf,FP32,OpenVINO,passed,passed,,OpenVINO 2026.2
Behavior / Decision Prediction,dien_alibaba,tf,FP16,OpenVINO,passed,passed,,OpenVINO 2026.2
Natural Language Processing,DistilBert,pytorch,FP32,torch.compile,passed,passed,passed,OpenVINO 2026.2
Natural Language Processing,distilbert-base-cased,onnx,FP32,OpenVINO,passed,passed,passed,OpenVINO 2026.2
Natural Language Processing,distilbert-base-cased,onnx,FP16,OpenVINO,passed,passed,passed,OpenVINO 2026.2
Natural Language Processing,distilbert-base-cased,pytorch,FP32,torch.compile,passed,passed,passed,OpenVINO 2026.2
Natural Language Processing,distilbert-base-nli-mean-tokens,pytorch,intel-optimum default,Optimum Intel,passed,passed,,OpenVINO 2026.2
Natural Language Processing,distilbert-base-uncased,onnx,FP32,OpenVINO,passed,passed,,OpenVINO 2026.2
Natural Language Processing,distilbert-base-uncased,pytorch,FP32,OpenVINO,passed,passed,,OpenVINO 2026.2
Natural Language Processing,distilbert-base-uncased,onnx,FP16,OpenVINO,passed,passed,,OpenVINO 2026.2
Natural Language Processing,distilbert-base-uncased,onnx,FP16-INT8,OpenVINO,passed,passed,,OpenVINO 2026.2
Natural Language Processing,distilbert-base-uncased,pytorch,FP32-INT8,OpenVINO,passed,passed,passed,OpenVINO 2026.2
Natural Language Processing,distilbert-base-uncased,pytorch,intel-optimum default,Optimum Intel,passed,passed,,OpenVINO 2026.2
Large Language Model,distilbert-base-uncased-distilled-squad,pytorch,FP32,torch.compile,passed,passed,passed,OpenVINO 2026.2
Large Language Model,distilbert-base-uncased-distilled-squad,pytorch,intel-optimum default,Optimum Intel,passed,passed,,OpenVINO 2026.2
Natural Language Processing,distilbert-base-uncased-finetuned-sst-2-english,pytorch,FP32,torch.compile,passed,passed,passed,OpenVINO 2026.2
Natural Language Processing,distilbert-base-uncased-finetuned-sst-2-english,pytorch,intel-optimum default,Optimum Intel,passed,passed,,OpenVINO 2026.2
Natural Language Processing,distilbert-base-uncased-sst-2,onnx,FP32,OpenVINO,passed,passed,passed,OpenVINO 2026.2
Natural Language Processing,distilbert-base-uncased-sst-2,onnx,FP16,OpenVINO,passed,passed,passed,OpenVINO 2026.2
Natural Language Processing,distilbert-base-uncased-sst-2,onnx,FP16-INT8,OpenVINO,passed,passed,passed,OpenVINO 2026.2
Natural Language Processing,distilbert-NER,pytorch,intel-optimum default,Optimum Intel,passed,passed,,OpenVINO 2026.2
Speech Recognition,distil-large-v2,pytorch,FP16,OpenVINO,,passed,,OpenVINO 2026.2
Speech Recognition,distil-large-v2,pytorch,INT4-MIXED,OpenVINO,,passed,,OpenVINO 2026.2
Speech Recognition,distil-large-v2,pytorch,INT8-CW,OpenVINO,,passed,,OpenVINO 2026.2
Speech Recognition,distil-large-v2-genai,pytorch,FP16,OpenVINO,passed,passed,passed,OpenVINO 2026.2
Speech Recognition,distil-large-v2-genai,pytorch,FP16-INT8,OpenVINO,passed,passed,passed,OpenVINO 2026.2
Speech Recognition,distil-large-v3,pytorch,intel-optimum default,Optimum Intel,passed,passed,,OpenVINO 2026.2
Speech Recognition,distil-medium.en,pytorch,intel-optimum default,Optimum Intel,passed,passed,,OpenVINO 2026.2
Image Classification,dla34,pytorch,FP32,torch.compile,passed,passed,passed,OpenVINO 2026.2
Image Classification,dla-34,onnx,FP32,OpenVINO,,,passed,OpenVINO 2026.2
Image Classification,dla-34,pytorch,FP32,OpenVINO,passed,passed,,OpenVINO 2026.2
Image Classification,dla-34,onnx,FP16,OpenVINO,,,passed,OpenVINO 2026.2
Image Classification,dla-34,onnx,FP16-INT8,OpenVINO,passed,,passed,OpenVINO 2026.2
Image Classification,dla-34,pytorch,FP32-INT8,OpenVINO,passed,passed,passed,OpenVINO 2026.2
Image Classification,dla60_res2net,pytorch,FP32,torch.compile,passed,passed,passed,OpenVINO 2026.2
Image Classification,dla60_res2next,pytorch,FP32,torch.compile,passed,passed,passed,OpenVINO 2026.2
Image Classification,dla60x,pytorch,FP32,torch.compile,passed,passed,passed,OpenVINO 2026.2
Large Language Model,DLRM,onnx,FP32,OpenVINO,passed,passed,passed,OpenVINO 2026.2
Large Language Model,DLRM,onnx,FP16,OpenVINO,passed,passed,passed,OpenVINO 2026.2
Image Classification,dm_nfnet_f6,pytorch,FP32,torch.compile,passed,passed,passed,OpenVINO 2026.2
Image Classification,dm_nfnet_f6.dm_in1k,pytorch,FP32,torch.compile,passed,passed,passed,OpenVINO 2026.2
DNA Classification,dna_r9.4.1,onnx,FP16,OpenVINO,passed,,,OpenVINO 2026.2
DNA Classification,dna_r9.4.1,onnx,FP16-INT8,OpenVINO,passed,,,OpenVINO 2026.2
DNA Classification,dna_r9.4.1,onnx,FP32,OpenVINO,passed,,,OpenVINO 2026.2
DNA Classification,dna_r9.4.1_2d,onnx,FP16,OpenVINO,passed,,,OpenVINO 2026.2
DNA Classification,dna_r9.4.1_2d,onnx,FP16-INT8,OpenVINO,passed,,,OpenVINO 2026.2
DNA Classification,dna_r9.4.1_2d,onnx,FP32,OpenVINO,passed,,,OpenVINO 2026.2
Large Language Model,dolly-v2-12b,pytorch,FP16,OpenVINO,passed,passed,,OpenVINO 2026.2
Large Language Model,dolly-v2-12b,pytorch,INT4-MIXED,OpenVINO,passed,passed,,OpenVINO 2026.2
Large Language Model,dolly-v2-12b,pytorch,INT8-CW,OpenVINO,passed,passed,,OpenVINO 2026.2
Large Language Model,dolly-v2-3b,pytorch,FP16,OpenVINO,passed,,,OpenVINO 2026.2
Large Language Model,dolly-v2-3b,pytorch,INT8-CW,OpenVINO,passed,,passed,OpenVINO 2026.2
Large Language Model,dolly-v2-3b,pytorch,INT4-MIXED,OpenVINO,passed,,passed,OpenVINO 2026.2
Image Classification,dpn68,pytorch,FP32,torch.compile,passed,passed,passed,OpenVINO 2026.2
"Image Classification, Dual Path Network",dpn-68,onnx,FP32,OpenVINO,passed,passed,passed,OpenVINO 2026.2
"Image Classification, Dual Path Network",dpn-68,pytorch,FP32,OpenVINO,passed,passed,,OpenVINO 2026.2
"Image Classification, Dual Path Network",dpn-68,onnx,FP16,OpenVINO,passed,passed,passed,OpenVINO 2026.2
"Image Classification, Dual Path Network",dpn-68,onnx,FP16-INT8,OpenVINO,passed,passed,passed,OpenVINO 2026.2
"Image Classification, Dual Path Network",dpn-68,pytorch,FP32-INT8,OpenVINO,passed,passed,passed,OpenVINO 2026.2
Object Detection,driver-action-recognition-adas-0002,onnx,FP16,OpenVINO,passed,passed,,OpenVINO 2026.2
Object Detection,driver-action-recognition-adas-0002,onnx,FP32,OpenVINO,passed,passed,,OpenVINO 2026.2
Semantic Segmentation,drn-d-38,onnx,FP32,OpenVINO,passed,passed,passed,OpenVINO 2026.2
Semantic Segmentation,drn-d-38,onnx,FP16,OpenVINO,passed,passed,passed,OpenVINO 2026.2
Semantic Segmentation,drn-d-38,onnx,FP16-INT8,OpenVINO,passed,passed,passed,OpenVINO 2026.2
Image Classification,east_resnet_v1_50,tf,FP32,OpenVINO,passed,passed,passed,OpenVINO 2026.2
Image Classification,east_resnet_v1_50,tf,FP16,OpenVINO,passed,passed,passed,OpenVINO 2026.2
Image Classification,east_resnet_v1_50,tf,FP16-INT8,OpenVINO,passed,passed,passed,OpenVINO 2026.2
"Image Processing, Enhancement ",ebgan,onnx,FP32,OpenVINO,passed,passed,passed,OpenVINO 2026.2
"Image Processing, Enhancement ",ebgan,onnx,FP16,OpenVINO,passed,passed,passed,OpenVINO 2026.2
"Image Processing, Enhancement ",ebgan,onnx,FP16-INT8,OpenVINO,passed,passed,passed,OpenVINO 2026.2
"Image Processing, Enhancement ",ebgan,tf,FP16,OpenVINO,passed,,,OpenVINO 2026.2
"Image Processing, Enhancement ",ebgan,tf,FP32,OpenVINO,passed,passed,,OpenVINO 2026.2
Image Classification,eca_botnext26ts_256,pytorch,FP32,torch.compile,passed,passed,passed,OpenVINO 2026.2
Image Classification,eca_halonext26ts,pytorch,FP32,torch.compile,passed,passed,passed,OpenVINO 2026.2
Image Classification,eca_nfnet_l1,pytorch,FP32,torch.compile,passed,passed,passed,OpenVINO 2026.2
Image Classification,ecaresnet50d,pytorch,FP32,torch.compile,passed,passed,passed,OpenVINO 2026.2
Image Classification,edgenext_small_rw,pytorch,FP32,torch.compile,passed,passed,passed,OpenVINO 2026.2
"Image Processing, Enhancement ",edsr3_super_resolution,tf,FP32,OpenVINO,passed,passed,passed,OpenVINO 2026.2
"Image Processing, Enhancement ",edsr3_super_resolution,tf,FP16,OpenVINO,passed,passed,passed,OpenVINO 2026.2
"Image Processing, Enhancement ",edsr3_super_resolution,tf,FP16-INT8,OpenVINO,passed,passed,passed,OpenVINO 2026.2
"Image Processing, Enhancement ",edsr3-nas,onnx,FP32,OpenVINO,passed,passed,passed,OpenVINO 2026.2
"Image Processing, Enhancement ",edsr3-nas,onnx,FP16,OpenVINO,passed,passed,passed,OpenVINO 2026.2
"Image Processing, Enhancement ",edsr3-nas,onnx,FP16-INT8,OpenVINO,passed,passed,passed,OpenVINO 2026.2
Object Detection,efficientdet-d0,tf,FP32,OpenVINO,passed,passed,,OpenVINO 2026.2
Object Detection,efficientdet-d0,tf,FP16,OpenVINO,passed,passed,,OpenVINO 2026.2
Object Detection,efficientdet-d0,tf,FP16-INT8,OpenVINO,passed,passed,passed,OpenVINO 2026.2
Object Detection,efficientdet-d1,tf,FP32,OpenVINO,passed,passed,passed,OpenVINO 2026.2
Object Detection,efficientdet-d1,tf,FP16,OpenVINO,passed,passed,passed,OpenVINO 2026.2
Image Classification,efficientformer_l3.snap_dist_in1k,pytorch,FP32,torch.compile,passed,passed,passed,OpenVINO 2026.2
Image Classification,efficientformerv2_s1.snap_dist_in1k,pytorch,FP32,torch.compile,passed,passed,passed,OpenVINO 2026.2
Image Classification,efficientnet_b0,pytorch,FP32,torch.compile,passed,passed,passed,OpenVINO 2026.2
Image Classification,efficientnet_b1,pytorch,FP32,torch.compile,passed,passed,passed,OpenVINO 2026.2
Image Classification,efficientnet_b2,pytorch,FP32,torch.compile,passed,passed,passed,OpenVINO 2026.2
Image Classification,efficientnet_b3,pytorch,FP32,torch.compile,passed,passed,passed,OpenVINO 2026.2
Image Classification,efficientnet_b4,pytorch,FP32,torch.compile,passed,passed,passed,OpenVINO 2026.2
Image Classification,efficientnet_b5,pytorch,FP32,torch.compile,passed,passed,passed,OpenVINO 2026.2
Image Classification,efficientnet_b6,pytorch,FP32,torch.compile,passed,passed,passed,OpenVINO 2026.2
Image Classification,efficientnet_b7,pytorch,FP32,torch.compile,passed,passed,passed,OpenVINO 2026.2
Image Classification,efficientnet_v2_l,pytorch,FP32,torch.compile,passed,passed,passed,OpenVINO 2026.2
Image Classification,efficientnet_v2_m,pytorch,FP32,torch.compile,passed,passed,passed,OpenVINO 2026.2
Image Classification,efficientnet_v2_s,pytorch,FP32,torch.compile,passed,passed,passed,OpenVINO 2026.2
Image Classification,efficientnet-b0,onnx,FP32,OpenVINO,passed,passed,passed,OpenVINO 2026.2
Image Classification,efficientnet-b0,tf,FP32,OpenVINO,passed,passed,passed,OpenVINO 2026.2
Image Classification,efficientnet-b0,onnx,FP16,OpenVINO,passed,passed,passed,OpenVINO 2026.2
Image Classification,efficientnet-b0,tf,FP16,OpenVINO,passed,passed,passed,OpenVINO 2026.2
Image Classification,efficientnet-b0,onnx,FP16-INT8,OpenVINO,passed,passed,passed,OpenVINO 2026.2
Image Classification,efficientnet-b0,tf,FP16-INT8,OpenVINO,passed,passed,passed,OpenVINO 2026.2
Object Detection,efficientnet-b0_auto_aug,tf,FP32,OpenVINO,passed,,passed,OpenVINO 2026.2
Object Detection,efficientnet-b0_auto_aug,tf,FP16,OpenVINO,passed,,passed,OpenVINO 2026.2
Object Detection,efficientnet-b0_auto_aug,tf,FP16-INT8,OpenVINO,passed,,,OpenVINO 2026.2
Image Classification,efficientnet-b3,pytorch,FP32,OpenVINO,passed,passed,,OpenVINO 2026.2
Image Classification,efficientnet-b3,pytorch,FP32-INT8,OpenVINO,passed,passed,passed,OpenVINO 2026.2
Image Classification,efficientnetv2_rw_s.ra2_in1k,pytorch,FP32,torch.compile,passed,passed,passed,OpenVINO 2026.2
Image Classification,efficientnet-v2-m,onnx,FP32,OpenVINO,passed,passed,passed,OpenVINO 2026.2
Image Classification,efficientnet-v2-m,pytorch,FP32,OpenVINO,passed,passed,,OpenVINO 2026.2
Image Classification,efficientnet-v2-m,onnx,FP16,OpenVINO,passed,passed,passed,OpenVINO 2026.2
Image Classification,efficientnet-v2-m,onnx,FP16-INT8,OpenVINO,passed,passed,passed,OpenVINO 2026.2
Image Classification,efficientnet-v2-m,pytorch,FP32-INT8,OpenVINO,passed,passed,passed,OpenVINO 2026.2
Natural Language Processing,electra-base-french-europeana-cased-generator,pytorch,intel-optimum default,Optimum Intel,passed,passed,,OpenVINO 2026.2
Natural Language Processing,electra-base-generator,pytorch,FP32,torch.compile,passed,passed,passed,OpenVINO 2026.2
Natural Language Processing,electra-base-squad2,pytorch,FP32,torch.compile,passed,passed,passed,OpenVINO 2026.2
Natural Language Processing,electra-large-discriminator-nli-efl-tweeteval,pytorch,intel-optimum default,Optimum Intel,passed,passed,,OpenVINO 2026.2
Natural Language Processing,electra-small-discriminator,pytorch,FP32,torch.compile,passed,passed,passed,OpenVINO 2026.2
Image Classification,ens_adv_inception_resnet_v2,pytorch,FP32,torch.compile,passed,passed,passed,OpenVINO 2026.2
Image Classification,ens3-adv-inception-v3,tf,FP32,OpenVINO,,,passed,OpenVINO 2026.2
Image Classification,ens3-adv-inception-v3,tf,FP16,OpenVINO,,,passed,OpenVINO 2026.2
Image Classification,ens3-adv-inception-v3,tf,FP16-INT8,OpenVINO,,,passed,OpenVINO 2026.2
Image Classification,ese_vovnet39b,pytorch,FP32,torch.compile,passed,passed,passed,OpenVINO 2026.2
"Image Processing, Enhancement ",esrgan,onnx,FP32,OpenVINO,passed,passed,passed,OpenVINO 2026.2
"Image Processing, Enhancement ",esrgan,onnx,FP16,OpenVINO,passed,passed,passed,OpenVINO 2026.2
"Image Processing, Enhancement ",esrgan,onnx,FP16-INT8,OpenVINO,passed,passed,passed,OpenVINO 2026.2
Image Classification,eva_large_patch14_336.in22k_ft_in1k,pytorch,FP32,torch.compile,passed,passed,passed,OpenVINO 2026.2
Image Segmentation,facebookresearch_sam2_base,pytorch,FP32,torch.compile,passed,passed,,OpenVINO 2026.2
Image Segmentation,facebookresearch_sam2_large,pytorch,FP32,torch.compile,passed,passed,,OpenVINO 2026.2
Image Segmentation,facebookresearch_sam2_small,pytorch,FP32,torch.compile,passed,passed,passed,OpenVINO 2026.2
Image Segmentation,facebookresearch_sam2_tiny,pytorch,FP32,torch.compile,passed,passed,passed,OpenVINO 2026.2
Object Detection,faceboxes,onnx,FP32,OpenVINO,passed,passed,passed,OpenVINO 2026.2
Object Detection,faceboxes,onnx,FP16,OpenVINO,passed,passed,passed,OpenVINO 2026.2
Object Detection,faceboxes,onnx,FP16-INT8,OpenVINO,passed,passed,passed,OpenVINO 2026.2
Object Detection,face-detection-0200,onnx,FP32,OpenVINO,passed,passed,passed,OpenVINO 2026.2
Object Detection,face-detection-0200,onnx,FP16,OpenVINO,passed,passed,passed,OpenVINO 2026.2
Object Detection,face-detection-0202,onnx,FP32,OpenVINO,passed,passed,passed,OpenVINO 2026.2
Object Detection,face-detection-0202,onnx,FP16,OpenVINO,passed,passed,passed,OpenVINO 2026.2
Object Detection,face-detection-0204,onnx,FP32,OpenVINO,passed,passed,passed,OpenVINO 2026.2
Object Detection,face-detection-0204,onnx,FP16,OpenVINO,passed,passed,passed,OpenVINO 2026.2
Object Detection,face-detection-0205,onnx,FP32,OpenVINO,passed,passed,,OpenVINO 2026.2
Object Detection,face-detection-0205,onnx,FP16,OpenVINO,passed,passed,,OpenVINO 2026.2
Object Detection,face-detection-0206,onnx,FP32,OpenVINO,passed,passed,passed,OpenVINO 2026.2
Object Detection,face-detection-0206,onnx,FP16,OpenVINO,passed,passed,passed,OpenVINO 2026.2
Object Detection,face-detection-0206,onnx,FP16-INT8,OpenVINO,passed,passed,,OpenVINO 2026.2
Object Detection,face-detection-retail-0005,onnx,FP32,OpenVINO,passed,passed,passed,OpenVINO 2026.2
Object Detection,face-detection-retail-0005,onnx,FP16,OpenVINO,passed,passed,passed,OpenVINO 2026.2
Object Detection,face-detection-retail-0005,onnx,FP16-INT8,OpenVINO,passed,passed,passed,OpenVINO 2026.2
Object Detection,facenet,onnx,FP32,OpenVINO,passed,passed,passed,OpenVINO 2026.2
Object Detection,facenet,onnx,FP16,OpenVINO,passed,passed,passed,OpenVINO 2026.2
Object Detection,facenet,onnx,FP16-INT8,OpenVINO,passed,passed,passed,OpenVINO 2026.2
Object Detection,facenet-20180408-102900,tf,FP32,OpenVINO,passed,passed,passed,OpenVINO 2026.2
Object Detection,facenet-20180408-102900,tf,FP16,OpenVINO,passed,passed,passed,OpenVINO 2026.2
Object Detection,face-recognition-resnet100-arcface,onnx,FP32,OpenVINO,passed,passed,passed,OpenVINO 2026.2
Object Detection,face-recognition-resnet100-arcface,onnx,FP16,OpenVINO,passed,passed,passed,OpenVINO 2026.2
Object Detection,face-recognition-resnet100-arcface,onnx,FP16-INT8,OpenVINO,passed,passed,passed,OpenVINO 2026.2
Object Detection,face-reidentification-retail-0095,onnx,FP32,OpenVINO,passed,passed,passed,OpenVINO 2026.2
Object Detection,face-reidentification-retail-0095,onnx,FP16,OpenVINO,passed,passed,passed,OpenVINO 2026.2
Object Detection,face-reidentification-retail-0095,onnx,FP16-INT8,OpenVINO,passed,passed,passed,OpenVINO 2026.2
Object Detection,facial-landmarks-98-detection-0001,onnx,FP32,OpenVINO,passed,passed,passed,OpenVINO 2026.2
Object Detection,facial-landmarks-98-detection-0001,onnx,FP16,OpenVINO,passed,passed,passed,OpenVINO 2026.2
Natural Language Processing,fairseq_s2t_covost,pytorch,FP32,torch.compile,passed,passed,,OpenVINO 2026.2
Large Language Model,falcon-11B,pytorch,INT4,Optimum Intel,passed,passed,,OpenVINO 2026.2
Large Language Model,falcon-40b,pytorch,INT4-MIXED,OpenVINO,passed,passed,,OpenVINO 2026.2
Large Language Model,falcon-7b,pytorch,INT4,Optimum Intel,passed,passed,,OpenVINO 2026.2
Large Language Model,falcon-7b-instruct,pytorch,INT4,Optimum Intel,passed,passed,,OpenVINO 2026.2
Large Language Model,falcon-7b-instruct,pytorch,FP16,OpenVINO,passed,passed,,OpenVINO 2026.2
Large Language Model,falcon-7b-instruct,pytorch,INT4-MIXED,OpenVINO,passed,passed,passed,OpenVINO 2026.2
Large Language Model,falcon-7b-instruct,pytorch,INT8-CW,OpenVINO,passed,passed,,OpenVINO 2026.2
Large Language Model,fara-7b,pytorch,FP16,OpenVINO,passed,passed,,OpenVINO 2026.2
Large Language Model,fara-7b,pytorch,INT8-CW,OpenVINO,passed,passed,,OpenVINO 2026.2
Large Language Model,fara-7b,pytorch,INT4-MIXED,OpenVINO,passed,passed,,OpenVINO 2026.2
Object Detection,faster_rcnn_inception_resnet_v2_atrous_coco,tf,FP16,OpenVINO,passed,passed,,OpenVINO 2026.2
Object Detection,faster_rcnn_inception_v2_coco,tf,FP32,OpenVINO,passed,passed,,OpenVINO 2026.2
Object Detection,faster_rcnn_inception_v2_coco,tf,FP16,OpenVINO,passed,passed,,OpenVINO 2026.2
Object Detection,faster_rcnn_R_50_C4,pytorch,FP32,torch.compile,,passed,,OpenVINO 2026.2
Object Detection,faster_rcnn_R_50_DC5_1x,pytorch,FP32,torch.compile,,passed,,OpenVINO 2026.2
Object Detection,faster_rcnn_R_50_FPN_1x,pytorch,FP32,torch.compile,,passed,,OpenVINO 2026.2
Object Detection,faster_rcnn_R_50_FPN_noaug_1x,pytorch,FP32,torch.compile,,passed,,OpenVINO 2026.2
Object Detection,faster_rcnn_resnet101_coco,tf,FP16,OpenVINO,passed,passed,,OpenVINO 2026.2
Object Detection,faster_rcnn_resnet101_kitti,tf,FP16,OpenVINO,passed,passed,,OpenVINO 2026.2
Object Detection,faster_rcnn_resnet50_coco,tf2,FP32,OpenVINO,passed,passed,,OpenVINO 2026.2
Object Detection,faster_rcnn_resnet50_coco,tf2,FP16,OpenVINO,passed,passed,,OpenVINO 2026.2
Object Detection,faster_rcnn_resnet50_coco,tf2,FP16-INT8,OpenVINO,passed,passed,,OpenVINO 2026.2
Object Detection,faster_rcnn_resnet50_coco,tf,FP16,OpenVINO,passed,passed,,OpenVINO 2026.2
Object Detection,faster_rcnn_resnet50_coco,tf,FP16-INT8,OpenVINO,passed,passed,,OpenVINO 2026.2
Object Detection,faster_rcnn_resnet50_fpn_coco,onnx,FP32,OpenVINO,passed,passed,,OpenVINO 2026.2
Object Detection,faster_rcnn_resnet50_fpn_coco,onnx,FP16,OpenVINO,passed,passed,,OpenVINO 2026.2
Object Detection,faster_rcnn_resnet50_fpn_coco,onnx,FP16-INT8,OpenVINO,passed,passed,,OpenVINO 2026.2
Object Detection,faster_rcnn_resnet50_lowproposals_coco,tf,FP16,OpenVINO,passed,,,OpenVINO 2026.2
Object Detection,faster_rcnn_X_101_32x8d_FPN_3x,pytorch,FP32,torch.compile,,passed,,OpenVINO 2026.2
Object Detection,fasterrcnn_mobilenet_v3_large_320_fpn,pytorch,FP32,torch.compile,passed,,passed,OpenVINO 2026.2
Object Detection,fasterrcnn_mobilenet_v3_large_fpn,pytorch,FP32,torch.compile,passed,,passed,OpenVINO 2026.2
Object Detection,fasterrcnn_resnet50_fpn,pytorch,FP32,torch.compile,passed,passed,passed,OpenVINO 2026.2
Image to Image,fast-neural-style-mosaic,onnx,FP32,OpenVINO,passed,passed,passed,OpenVINO 2026.2
Image to Image,fast-neural-style-mosaic,onnx,FP16,OpenVINO,passed,passed,passed,OpenVINO 2026.2
Image to Image,fast-neural-style-mosaic,onnx,INT8,OpenVINO,passed,passed,passed,OpenVINO 2026.2
Semantic Segmentation,fastseg-large,onnx,FP32,OpenVINO,passed,passed,passed,OpenVINO 2026.2
Semantic Segmentation,fastseg-large,onnx,FP16,OpenVINO,passed,passed,,OpenVINO 2026.2
Semantic Segmentation,fastseg-small,onnx,FP32,OpenVINO,passed,passed,passed,OpenVINO 2026.2
Semantic Segmentation,fastseg-small,onnx,FP16,OpenVINO,passed,passed,passed,OpenVINO 2026.2
Semantic Segmentation,fastseg-small,onnx,FP16-INT8,OpenVINO,passed,passed,passed,OpenVINO 2026.2
"Image Processing, Enhancement ",fbcnn,onnx,FP32,OpenVINO,passed,passed,,OpenVINO 2026.2
"Image Processing, Enhancement ",fbcnn,onnx,FP16,OpenVINO,passed,passed,,OpenVINO 2026.2
"Image Processing, Enhancement ",fbcnn,onnx,FP16-INT8,OpenVINO,passed,passed,passed,OpenVINO 2026.2
Image Classification,fbnetc_100.rmsp_in1k,pytorch,FP32,torch.compile,passed,passed,passed,OpenVINO 2026.2
Image Classification,fbnetc-100,onnx,FP32,OpenVINO,passed,passed,passed,OpenVINO 2026.2
Image Classification,fbnetc-100,pytorch,FP32,OpenVINO,passed,passed,,OpenVINO 2026.2
Image Classification,fbnetc-100,onnx,FP16,OpenVINO,passed,passed,passed,OpenVINO 2026.2
Image Classification,fbnetc-100,onnx,FP16-INT8,OpenVINO,passed,passed,passed,OpenVINO 2026.2
Image Classification,fbnetc-100,pytorch,FP32-INT8,OpenVINO,passed,passed,passed,OpenVINO 2026.2
Image Classification,fbnetv3_d.ra2_in1k,pytorch,FP32,torch.compile,passed,passed,passed,OpenVINO 2026.2
Image Segmentation,fcn_resnet101,pytorch,FP32,torch.compile,passed,passed,passed,OpenVINO 2026.2
Image Segmentation,fcn_resnet50,pytorch,FP32,torch.compile,passed,passed,passed,OpenVINO 2026.2
Object Detection,fcos_resnet50_fpn,pytorch,FP32,torch.compile,passed,passed,passed,OpenVINO 2026.2
Monodepth,fcrn-dp-nyu-depth-v2-tf,tf,FP32,OpenVINO,passed,passed,,OpenVINO 2026.2
Monodepth,fcrn-dp-nyu-depth-v2-tf,tf,FP16,OpenVINO,passed,passed,,OpenVINO 2026.2
Large Language Model,flan-t5-large-grammar-synthesis,pytorch,FP16,OpenVINO,passed,,,OpenVINO 2026.2
Large Language Model,flan-t5-large-grammar-synthesis,pytorch,INT4-MIXED,OpenVINO,passed,,,OpenVINO 2026.2
Large Language Model,flan-t5-large-grammar-synthesis,pytorch,INT8-CW,OpenVINO,passed,,,OpenVINO 2026.2
Large Language Model,flan-t5-large-grammar-synthesis,pytorch,FP32,torch.compile,passed,passed,passed,OpenVINO 2026.2
Large Language Model,flan-t5-xxl,pytorch,FP16,OpenVINO,passed,passed,,OpenVINO 2026.2
Large Language Model,flan-t5-xxl,pytorch,INT4-MIXED,OpenVINO,passed,passed,,OpenVINO 2026.2
Large Language Model,flan-t5-xxl,pytorch,INT8-CW,OpenVINO,passed,passed,,OpenVINO 2026.2
Image Classification,flexivit_base.300ep_in21k,pytorch,FP32,torch.compile,passed,passed,passed,OpenVINO 2026.2
Image Classification,flexivit_base.patch16_in21k,pytorch,FP32,torch.compile,passed,passed,passed,OpenVINO 2026.2
Image Generation,flux.1-dev,pytorch,INT8-HYBRID,OpenVINO,,passed,,OpenVINO 2026.2
Image Generation,flux.1-dev,pytorch,INT8-CW,OpenVINO,,passed,,OpenVINO 2026.2
Image Generation,flux.1-schnell,pytorch,INT4-MIXED,OpenVINO,,passed,,OpenVINO 2026.2
Image Generation,flux.1-schnell,pytorch,INT8-CW,OpenVINO,passed,,,OpenVINO 2026.2
Image Generation,flux.1-schnell,pytorch,INT8-HYBRID,OpenVINO,passed,,,OpenVINO 2026.2
Natural Language Processing,fnet-base,pytorch,FP32,torch.compile,passed,passed,passed,OpenVINO 2026.2
Text to Speech,forward-tacotron-duration-prediction,onnx,FP32,OpenVINO,passed,,passed,OpenVINO 2026.2
Text to Speech,forward-tacotron-duration-prediction,onnx,FP16,OpenVINO,passed,,passed,OpenVINO 2026.2
Text to Speech,forward-tacotron-duration-prediction,onnx,FP16-INT8,OpenVINO,passed,,passed,OpenVINO 2026.2
Text to Speech,forward-tacotron-regression,onnx,FP32,OpenVINO,passed,,,OpenVINO 2026.2
Text to Speech,forward-tacotron-regression,onnx,FP16,OpenVINO,passed,,,OpenVINO 2026.2
Text to Speech,forward-tacotron-regression,onnx,FP16-INT8,OpenVINO,passed,,,OpenVINO 2026.2
"Image Processing, Enhancement ",fsrcnn-x4,tf,FP32,OpenVINO,passed,passed,passed,OpenVINO 2026.2
"Image Processing, Enhancement ",fsrcnn-x4,tf,FP16,OpenVINO,passed,passed,passed,OpenVINO 2026.2
"Image Processing, Enhancement ",fsrcnn-x4,tf,FP16-INT8,OpenVINO,passed,passed,passed,OpenVINO 2026.2
Text Recognition,functorch_maml_omniglot,pytorch,FP32,torch.compile,passed,passed,passed,OpenVINO 2026.2
Object Detection,gaze-estimation-adas-0002,onnx,FP32,OpenVINO,passed,passed,passed,OpenVINO 2026.2
Object Detection,gaze-estimation-adas-0002,onnx,FP16,OpenVINO,passed,passed,passed,OpenVINO 2026.2
Object Detection,gaze-estimation-adas-0002,onnx,FP16-INT8,OpenVINO,passed,passed,passed,OpenVINO 2026.2
Image Classification,gc_efficientnetv2_rw_t.agc_in1k,pytorch,FP32,torch.compile,passed,passed,passed,OpenVINO 2026.2
Image Classification,gcresnet50t,pytorch,FP32,torch.compile,passed,passed,passed,OpenVINO 2026.2
Image Classification,gcvit_tiny,pytorch,FP32,torch.compile,passed,passed,passed,OpenVINO 2026.2
Natural Language Processing,gelectra-base-germanquad,pytorch,FP32,torch.compile,passed,passed,passed,OpenVINO 2026.2
Large Language Model,gemma-1.1-2b-it,pytorch,INT4,Optimum Intel,passed,passed,,OpenVINO 2026.2
Large Language Model,gemma-1.1-7b-it,pytorch,INT4,Optimum Intel,passed,passed,,OpenVINO 2026.2
Large Language Model,gemma-2-2b,pytorch,INT4-MIXED,OpenVINO,passed,passed,,OpenVINO 2026.2
Large Language Model,gemma-2-2b,pytorch,INT8-CW,OpenVINO,passed,passed,,OpenVINO 2026.2
Large Language Model,gemma-2-2b,pytorch,FP16,OpenVINO,passed,passed,,OpenVINO 2026.2
Large Language Model,gemma-2-9b-it,pytorch,INT8-CW,OpenVINO,,passed,,OpenVINO 2026.2
Large Language Model,gemma-2-9b-it,pytorch,INT4-MIXED,OpenVINO,,passed,passed,OpenVINO 2026.2
Large Language Model,gemma-2-9b-it,pytorch,FP16,OpenVINO,passed,,,OpenVINO 2026.2
Large Language Model,gemma-2b,pytorch,INT4,Optimum Intel,passed,passed,,OpenVINO 2026.2
Large Language Model,gemma-2b-it,pytorch,INT8-CW,OpenVINO,passed,passed,passed,OpenVINO 2026.2
Large Language Model,gemma-2b-it,pytorch,INT4-MIXED,OpenVINO,passed,passed,,OpenVINO 2026.2
Large Language Model,gemma-2b-it,pytorch,FP16,OpenVINO,passed,passed,,OpenVINO 2026.2
Large Language Model,gemma-2b-it,pytorch,INT4,Optimum Intel,passed,passed,,OpenVINO 2026.2
Multimodal Large Language Model,gemma-3-12b-it,pytorch,INT4-MIXED,OpenVINO,,passed,,OpenVINO 2026.2
Multimodal Large Language Model,gemma-3-12b-it,pytorch,INT8-CW,OpenVINO,,passed,,OpenVINO 2026.2
Multimodal Large Language Model,gemma-3-12b-it,pytorch,FP16,OpenVINO,passed,,,OpenVINO 2026.2
Multimodal Large Language Model,gemma-3-1b-it,pytorch,INT4-MIXED,OpenVINO,,passed,passed,OpenVINO 2026.2
Multimodal Large Language Model,gemma-3-1b-it,pytorch,FP4-NORMALIZED,OpenVINO,,passed,passed,OpenVINO 2026.2
Multimodal Large Language Model,gemma-3-1b-it,pytorch,INT8-CW,OpenVINO,,passed,,OpenVINO 2026.2
Multimodal Large Language Model,gemma-3-1b-it,pytorch,FP16,OpenVINO,,passed,,OpenVINO 2026.2
Large Language Model,gemma-3-270m,pytorch,INT4-MIXED,OpenVINO,,passed,,OpenVINO 2026.2
Large Language Model,gemma-3-270m,pytorch,INT8-CW,OpenVINO,,passed,,OpenVINO 2026.2
Large Language Model,gemma-3-270m,pytorch,FP16,OpenVINO,,passed,,OpenVINO 2026.2
Multimodal Large Language Model,gemma-3-4b-it,pytorch,INT8-CW,OpenVINO,,passed,,OpenVINO 2026.2
Multimodal Large Language Model,gemma-3-4b-it,pytorch,INT4-MIXED,OpenVINO,,passed,passed,OpenVINO 2026.2
Multimodal Large Language Model,gemma-3-4b-it,pytorch,FP16,OpenVINO,,passed,,OpenVINO 2026.2
Multimodal Large Language Model,gemma-3-4b-it,pytorch,FP4-NORMALIZED,OpenVINO,,passed,passed,OpenVINO 2026.2
Large Language Model,gemma-4-26b-a4b-it,pytorch,INT4-MIXED,OpenVINO,passed,passed,,OpenVINO 2026.2
Large Language Model,gemma-4-31b-it,pytorch,INT4-MIXED,OpenVINO,passed,passed,,OpenVINO 2026.2
Large Language Model,gemma-4-e2b-it,pytorch,INT4-MIXED,OpenVINO,passed,passed,,OpenVINO 2026.2
Large Language Model,gemma-4-e2b-it,pytorch,FP4-NORMALIZED,OpenVINO,passed,passed,passed,OpenVINO 2026.2
Large Language Model,gemma-4-e2b-it,pytorch,INT8-CW,OpenVINO,passed,passed,passed,OpenVINO 2026.2
Large Language Model,gemma-4-e2b-it,pytorch,FP16,OpenVINO,passed,passed,,OpenVINO 2026.2
Large Language Model,gemma-7b,pytorch,INT4,Optimum Intel,passed,passed,,OpenVINO 2026.2
Large Language Model,gemma-7b-it,pytorch,FP16,OpenVINO,,passed,,OpenVINO 2026.2
Large Language Model,gemma-7b-it,pytorch,INT8-CW,OpenVINO,,passed,,OpenVINO 2026.2
Large Language Model,gemma-7b-it,pytorch,INT4-MIXED,OpenVINO,,passed,,OpenVINO 2026.2
Large Language Model,gemma-7b-it,pytorch,INT4,Optimum Intel,passed,passed,,OpenVINO 2026.2
Image Classification,gernet_m,pytorch,FP32,torch.compile,passed,passed,passed,OpenVINO 2026.2
Image Classification,ghostnet_100,pytorch,FP32,torch.compile,passed,passed,passed,OpenVINO 2026.2
Large Language Model,glm-4-9b-chat-hf,pytorch,INT8-CW,OpenVINO,,passed,,OpenVINO 2026.2
Large Language Model,glm-4-9b-chat-hf,pytorch,INT4-MIXED,OpenVINO,,passed,passed,OpenVINO 2026.2
Large Language Model,glm-4-9b-chat-hf,pytorch,FP16,OpenVINO,,passed,,OpenVINO 2026.2
Large Language Model,glm-edge-1.5b-chat,pytorch,INT8-CW,OpenVINO,passed,passed,passed,OpenVINO 2026.2
Large Language Model,glm-edge-1.5b-chat,pytorch,INT4-MIXED,OpenVINO,passed,passed,,OpenVINO 2026.2
Large Language Model,glm-edge-1.5b-chat,pytorch,FP16,OpenVINO,passed,passed,,OpenVINO 2026.2
Large Language Model,glm-edge-4b-chat,pytorch,FP16,OpenVINO,passed,passed,,OpenVINO 2026.2
Large Language Model,glm-edge-4b-chat,pytorch,INT4-MIXED,OpenVINO,passed,passed,,OpenVINO 2026.2
Large Language Model,glm-edge-4b-chat,pytorch,INT8-CW,OpenVINO,passed,passed,,OpenVINO 2026.2
Image Classification,gluon_inception_v3,pytorch,FP32,torch.compile,passed,passed,passed,OpenVINO 2026.2
Image Classification,gluon_resnet50_v1b,pytorch,FP32,torch.compile,passed,passed,passed,OpenVINO 2026.2
Image Classification,gluon_resnext50_32x4d,pytorch,FP32,torch.compile,passed,passed,passed,OpenVINO 2026.2
Image Classification,gluon_senet154,pytorch,FP32,torch.compile,passed,passed,passed,OpenVINO 2026.2
Image Classification,gluon_seresnext101_64x4d,pytorch,FP32,torch.compile,passed,passed,passed,OpenVINO 2026.2
"Image Processing, Enhancement ",gmcnn-places2,tf,FP32,OpenVINO,passed,passed,passed,OpenVINO 2026.2
"Image Processing, Enhancement ",gmcnn-places2,tf,FP16,OpenVINO,passed,passed,passed,OpenVINO 2026.2
"Image Processing, Enhancement ",gmcnn-places2,tf,FP16-INT8,OpenVINO,passed,passed,passed,OpenVINO 2026.2
Image Classification,gmixer_24_224,pytorch,FP32,torch.compile,passed,passed,passed,OpenVINO 2026.2
Image Classification,gmlp_s16_224,pytorch,FP32,torch.compile,passed,passed,passed,OpenVINO 2026.2
Image Classification,googlenet,pytorch,FP32,torch.compile,passed,passed,,OpenVINO 2026.2
Image Classification,googlenet-v1,tf,FP32,OpenVINO,passed,,passed,OpenVINO 2026.2
Image Classification,googlenet-v1,tf,FP16,OpenVINO,passed,,passed,OpenVINO 2026.2
Image Classification,googlenet-v1,tf,FP16-INT8,OpenVINO,passed,,passed,OpenVINO 2026.2
Image Classification,googlenet-v2,tf,FP32,OpenVINO,,,passed,OpenVINO 2026.2
Image Classification,googlenet-v2,tf,FP16,OpenVINO,,,passed,OpenVINO 2026.2
Image Classification,googlenet-v3,onnx,FP32,OpenVINO,passed,passed,passed,OpenVINO 2026.2
Image Classification,googlenet-v3,pytorch,FP32,OpenVINO,passed,passed,,OpenVINO 2026.2
Image Classification,googlenet-v3,tf,FP32,OpenVINO,,,passed,OpenVINO 2026.2
Image Classification,googlenet-v3,onnx,FP16,OpenVINO,passed,passed,passed,OpenVINO 2026.2
Image Classification,googlenet-v3,tf,FP16,OpenVINO,,,passed,OpenVINO 2026.2
Image Classification,googlenet-v3,onnx,FP16-INT8,OpenVINO,passed,passed,passed,OpenVINO 2026.2
Image Classification,googlenet-v3,pytorch,FP32-INT8,OpenVINO,passed,passed,passed,OpenVINO 2026.2
Image Classification,googlenet-v3,tf2,FP16,OpenVINO,passed,passed,,OpenVINO 2026.2
Image Classification,googlenet-v3,tf2,FP32,OpenVINO,passed,passed,,OpenVINO 2026.2
Image Classification,googlenet-v4,tf,FP32,OpenVINO,passed,passed,passed,OpenVINO 2026.2
Image Classification,googlenet-v4,tf,FP16,OpenVINO,passed,passed,passed,OpenVINO 2026.2
Image Classification,googlenet-v4,tf,FP16-INT8,OpenVINO,passed,passed,passed,OpenVINO 2026.2
Large Language Model,gpt2,pytorch,FP32,torch.compile,passed,passed,passed,OpenVINO 2026.2
Large Language Model,gpt2,pytorch,INT4,Optimum Intel,passed,passed,,OpenVINO 2026.2
Large Language Model,GPT-2,onnx,FP32,OpenVINO,passed,passed,,OpenVINO 2026.2
Large Language Model,GPT-2,onnx,FP16,OpenVINO,passed,passed,passed,OpenVINO 2026.2
Large Language Model,GPT-2,onnx,FP16-INT8,OpenVINO,passed,passed,passed,OpenVINO 2026.2
Large Language Model,GPT2Neo1.3BPoints,pytorch,INT4,Optimum Intel,passed,passed,,OpenVINO 2026.2
Large Language Model,gpt2-wikitext2-int8-onnx-0001,onnx,FP16-INT8,OpenVINO,passed,,,OpenVINO 2026.2
Large Language Model,gpt-j-6b,pytorch,FP16,OpenVINO,passed,passed,,OpenVINO 2026.2
Large Language Model,gpt-j-6b,pytorch,INT8-CW,OpenVINO,passed,passed,passed,OpenVINO 2026.2
Large Language Model,gpt-j-6b,pytorch,INT4-MIXED,OpenVINO,passed,passed,passed,OpenVINO 2026.2
Large Language Model,gpt-neox-20b,pytorch,INT4-MIXED,OpenVINO,passed,passed,,OpenVINO 2026.2
Large Language Model,gpt-neox-20b,pytorch,INT8-CW,OpenVINO,passed,passed,,OpenVINO 2026.2
Large Language Model,gpt-oss-20b,pytorch,INT4-MIXED,OpenVINO,,passed,,OpenVINO 2026.2
Large Language Model,gpt-oss-20b,pytorch,INT8-CW,OpenVINO,,passed,,OpenVINO 2026.2
Large Language Model,granite-3b-code-base,pytorch,INT4,Optimum Intel,passed,passed,,OpenVINO 2026.2
Large Language Model,granite-3b-code-instruct,pytorch,INT4,Optimum Intel,passed,passed,,OpenVINO 2026.2
Image Classification,halo2botnet50ts_256,pytorch,FP32,torch.compile,passed,passed,passed,OpenVINO 2026.2
Image Classification,halonet50ts,pytorch,FP32,torch.compile,passed,passed,passed,OpenVINO 2026.2
Image Classification,haloregnetz_b,pytorch,FP32,torch.compile,passed,passed,passed,OpenVINO 2026.2
Text Detection,handwritten-english-recognition-0001,onnx,FP32,OpenVINO,passed,passed,,OpenVINO 2026.2
Text Detection,handwritten-english-recognition-0001,onnx,FP16,OpenVINO,passed,passed,,OpenVINO 2026.2
Text Detection,handwritten-japanese-recognition-0001,onnx,FP32,OpenVINO,passed,passed,,OpenVINO 2026.2
Text Detection,handwritten-japanese-recognition-0001,onnx,FP16,OpenVINO,passed,passed,,OpenVINO 2026.2
Text Detection,handwritten-japanese-recognition-0001,onnx,FP16-INT8,OpenVINO,passed,passed,,OpenVINO 2026.2
Text Detection,handwritten-score-recognition-0003,tf,FP32,OpenVINO,passed,passed,passed,OpenVINO 2026.2
Text Detection,handwritten-score-recognition-0003,tf,FP16,OpenVINO,passed,passed,passed,OpenVINO 2026.2
Text Detection,handwritten-score-recognition-0003,tf,FP16-INT8,OpenVINO,passed,passed,passed,OpenVINO 2026.2
Text Detection,handwritten-simplified-chinese-recognition-0001,onnx,FP32,OpenVINO,passed,passed,passed,OpenVINO 2026.2
Text Detection,handwritten-simplified-chinese-recognition-0001,onnx,FP16,OpenVINO,passed,passed,passed,OpenVINO 2026.2
Image Classification,hardcorenas_d,pytorch,FP32,torch.compile,passed,passed,passed,OpenVINO 2026.2
Image Classification,hbonet-0.25,onnx,FP32,OpenVINO,passed,passed,passed,OpenVINO 2026.2
Image Classification,hbonet-0.25,onnx,FP16,OpenVINO,passed,passed,passed,OpenVINO 2026.2
Image Classification,hbonet-0.5,onnx,FP32,OpenVINO,passed,passed,passed,OpenVINO 2026.2
Image Classification,hbonet-0.5,onnx,FP16,OpenVINO,passed,passed,passed,OpenVINO 2026.2
Image Classification,hbonet-0.5,onnx,FP16-INT8,OpenVINO,passed,passed,passed,OpenVINO 2026.2
Image Classification,hbonet-1.0,onnx,FP32,OpenVINO,passed,passed,passed,OpenVINO 2026.2
Image Classification,hbonet-1.0,onnx,FP16,OpenVINO,passed,passed,passed,OpenVINO 2026.2
Image Classification,hbonet-1.0,onnx,FP16-INT8,OpenVINO,passed,passed,passed,OpenVINO 2026.2
Object Detection,hg-s8-b1-mpii,onnx,FP32,OpenVINO,passed,passed,passed,OpenVINO 2026.2
Object Detection,hg-s8-b1-mpii,onnx,FP16,OpenVINO,passed,passed,passed,OpenVINO 2026.2
Object Detection,hg-s8-b1-mpii,onnx,FP16-INT8,OpenVINO,passed,passed,passed,OpenVINO 2026.2
Text to Speech,hifigan_v1,pytorch,FP32,torch.compile,passed,passed,passed,OpenVINO 2026.2
Object Detection,higher-hrnet-w32-512,onnx,FP32,OpenVINO,passed,passed,,OpenVINO 2026.2
Object Detection,higher-hrnet-w32-512,onnx,FP16,OpenVINO,passed,passed,,OpenVINO 2026.2
Object Detection,higher-hrnet-w32-512,onnx,FP16-INT8,OpenVINO,passed,passed,,OpenVINO 2026.2
Text Detection,horizontal-text-detection-0001,onnx,FP32,OpenVINO,passed,passed,passed,OpenVINO 2026.2
Text Detection,horizontal-text-detection-0001,onnx,FP16,OpenVINO,passed,passed,passed,OpenVINO 2026.2
Text Detection,horizontal-text-detection-0001,onnx,FP16-INT8,OpenVINO,passed,passed,,OpenVINO 2026.2
Image Classification,hrnet_w32,pytorch,FP32,torch.compile,passed,passed,passed,OpenVINO 2026.2
Semantic Segmentation,hrnet-v2-c1-segmentation,onnx,FP32,OpenVINO,passed,passed,passed,OpenVINO 2026.2
Semantic Segmentation,hrnet-v2-c1-segmentation,onnx,FP16,OpenVINO,passed,passed,,OpenVINO 2026.2
Semantic Segmentation,hrnet-v2-c1-segmentation,onnx,FP16-INT8,OpenVINO,passed,passed,passed,OpenVINO 2026.2
Object Detection,human-pose-estimation-0002,onnx,FP32,OpenVINO,passed,passed,,OpenVINO 2026.2
Object Detection,human-pose-estimation-0002,onnx,FP16,OpenVINO,passed,passed,passed,OpenVINO 2026.2
Object Detection,human-pose-estimation-0002,onnx,FP16-INT8,OpenVINO,passed,passed,,OpenVINO 2026.2
Object Detection,human-pose-estimation-0003,onnx,FP32,OpenVINO,passed,passed,passed,OpenVINO 2026.2
Object Detection,human-pose-estimation-0003,onnx,FP16,OpenVINO,passed,passed,passed,OpenVINO 2026.2
Object Detection,human-pose-estimation-0004,onnx,FP32,OpenVINO,passed,passed,,OpenVINO 2026.2
Object Detection,human-pose-estimation-0004,onnx,FP16,OpenVINO,passed,passed,passed,OpenVINO 2026.2
Object Detection,human-pose-estimation-0005,onnx,FP32,OpenVINO,passed,passed,passed,OpenVINO 2026.2
Object Detection,human-pose-estimation-0005,onnx,FP16,OpenVINO,passed,passed,passed,OpenVINO 2026.2
Object Detection,human-pose-estimation-0006,onnx,FP32,OpenVINO,passed,,,OpenVINO 2026.2
Object Detection,human-pose-estimation-0006,onnx,FP16,OpenVINO,passed,passed,passed,OpenVINO 2026.2
Object Detection,human-pose-estimation-0007,onnx,FP32,OpenVINO,passed,,passed,OpenVINO 2026.2
Object Detection,human-pose-estimation-0007,onnx,FP16,OpenVINO,passed,passed,passed,OpenVINO 2026.2
Object Detection,human-pose-estimation-3d-0001,onnx,FP32,OpenVINO,passed,passed,passed,OpenVINO 2026.2
Object Detection,human-pose-estimation-3d-0001,onnx,FP16,OpenVINO,passed,passed,passed,OpenVINO 2026.2
"Image Processing, Enhancement ",hybrid-cs-model-mri,tf2,FP32,OpenVINO,passed,,passed,OpenVINO 2026.2
"Image Processing, Enhancement ",hybrid-cs-model-mri,tf2,FP16,OpenVINO,passed,,passed,OpenVINO 2026.2
"Image Processing, Enhancement ",hybrid-cs-model-mri,tf2,FP16-INT8,OpenVINO,passed,,passed,OpenVINO 2026.2
Action Recognition,i3d-flow,tf,FP32,OpenVINO,passed,passed,,OpenVINO 2026.2
Action Recognition,i3d-flow,tf,FP16,OpenVINO,passed,passed,,OpenVINO 2026.2
Action Recognition,i3d-flow,tf,FP16-INT8,OpenVINO,passed,passed,,OpenVINO 2026.2
Action Recognition,i3d-rgb,tf,FP16,OpenVINO,passed,passed,,OpenVINO 2026.2
Action Recognition,i3d-rgb,tf,FP16-INT8,OpenVINO,passed,passed,,OpenVINO 2026.2
Action Recognition,i3d-rgb,tf,FP32,OpenVINO,passed,passed,,OpenVINO 2026.2
Natural Language Processing,ibert-roberta-base,pytorch,FP32,torch.compile,passed,passed,passed,OpenVINO 2026.2
Natural Language Processing,ibert-roberta-base,pytorch,intel-optimum default,Optimum Intel,passed,passed,,OpenVINO 2026.2
Natural Language Processing,ibert-roberta-base-finetuned-mrpc,pytorch,intel-optimum default,Optimum Intel,passed,passed,,OpenVINO 2026.2
Semantic Segmentation,icnet-camvid-ava-0001,tf,FP32,OpenVINO,passed,passed,,OpenVINO 2026.2
Semantic Segmentation,icnet-camvid-ava-0001,tf,FP16,OpenVINO,passed,passed,,OpenVINO 2026.2
Semantic Segmentation,icnet-camvid-ava-0001,tf,FP16-INT8,OpenVINO,passed,passed,,OpenVINO 2026.2
Semantic Segmentation,icnet-camvid-ava-sparse-30-0001,tf,FP32,OpenVINO,passed,passed,,OpenVINO 2026.2
Semantic Segmentation,icnet-camvid-ava-sparse-30-0001,tf,FP16,OpenVINO,passed,passed,,OpenVINO 2026.2
Semantic Segmentation,icnet-camvid-ava-sparse-60-0001,tf,FP32,OpenVINO,passed,passed,,OpenVINO 2026.2
Semantic Segmentation,icnet-camvid-ava-sparse-60-0001,tf,FP16,OpenVINO,passed,passed,,OpenVINO 2026.2
Semantic Segmentation,icnet-camvid-ava-sparse-60-0001,tf,FP16-INT8,OpenVINO,passed,passed,,OpenVINO 2026.2
Semantic Segmentation,icnet-camvid-onnx-0001,onnx,FP16,OpenVINO,passed,,passed,OpenVINO 2026.2
Semantic Segmentation,icnet-camvid-onnx-0001,onnx,FP16-INT8,OpenVINO,passed,,passed,OpenVINO 2026.2
Video Processing ,IFRNet_GoPro,pytorch,FP32,torch.compile,passed,passed,passed,OpenVINO 2026.2
Video Processing ,IFRNet_Vimeo90K,pytorch,FP32,torch.compile,passed,passed,passed,OpenVINO 2026.2
Image Classification,ig_resnext101_32x8d,pytorch,FP32,torch.compile,passed,passed,passed,OpenVINO 2026.2
Image Classification,image-retrieval-0001,tf,FP32,OpenVINO,passed,,passed,OpenVINO 2026.2
Image Classification,image-retrieval-0001,tf,FP16,OpenVINO,passed,,passed,OpenVINO 2026.2
Image Classification,image-retrieval-0001,tf,FP16-INT8,OpenVINO,passed,,passed,OpenVINO 2026.2
Image Classification,inception_resnet_v2,pytorch,FP32,torch.compile,passed,passed,passed,OpenVINO 2026.2
Image Classification,inception_v3,pytorch,FP32,torch.compile,passed,passed,passed,OpenVINO 2026.2
Image Classification,inception_v4,pytorch,FP32,torch.compile,passed,passed,passed,OpenVINO 2026.2
Image Classification,inception-resnet-v2,tf,FP32,OpenVINO,,,passed,OpenVINO 2026.2
Image Classification,inception-resnet-v2,tf,FP16,OpenVINO,,,passed,OpenVINO 2026.2
Image Classification,inception-resnet-v2,tf,FP16-INT8,OpenVINO,,,passed,OpenVINO 2026.2
Image Classification,inceptionv3-int8-onnx-0001,onnx,FP16-INT8,OpenVINO,,,passed,OpenVINO 2026.2
Instance Segmentation,instance-segmentation-person-0007,onnx,FP32,OpenVINO,passed,,,OpenVINO 2026.2
Instance Segmentation,instance-segmentation-person-0007,onnx,FP16,OpenVINO,passed,,,OpenVINO 2026.2
Instance Segmentation,instance-segmentation-person-0007,onnx,FP16-INT8,OpenVINO,passed,,,OpenVINO 2026.2
Instance Segmentation,instance-segmentation-security-0002,onnx,FP32,OpenVINO,passed,,,OpenVINO 2026.2
Instance Segmentation,instance-segmentation-security-0002,onnx,FP16,OpenVINO,passed,,,OpenVINO 2026.2
Instance Segmentation,instance-segmentation-security-0010,onnx,FP32,OpenVINO,passed,,,OpenVINO 2026.2
Instance Segmentation,instance-segmentation-security-0010,onnx,FP16,OpenVINO,passed,,,OpenVINO 2026.2
Instance Segmentation,instance-segmentation-security-0050,onnx,FP32,OpenVINO,passed,,,OpenVINO 2026.2
Instance Segmentation,instance-segmentation-security-0050,onnx,FP16,OpenVINO,passed,,,OpenVINO 2026.2
Instance Segmentation,instance-segmentation-security-0083,onnx,FP32,OpenVINO,passed,,,OpenVINO 2026.2
Instance Segmentation,instance-segmentation-security-0083,onnx,FP16,OpenVINO,passed,,,OpenVINO 2026.2
Instance Segmentation,instance-segmentation-security-0091,onnx,FP16,OpenVINO,passed,,,OpenVINO 2026.2
Instance Segmentation,instance-segmentation-security-0091,onnx,FP32,OpenVINO,passed,,,OpenVINO 2026.2
Instance Segmentation,instance-segmentation-security-0228,onnx,FP32,OpenVINO,passed,,,OpenVINO 2026.2
Instance Segmentation,instance-segmentation-security-0228,onnx,FP16,OpenVINO,passed,,,OpenVINO 2026.2
Instance Segmentation,instance-segmentation-security-1025,onnx,FP32,OpenVINO,passed,,,OpenVINO 2026.2
Instance Segmentation,instance-segmentation-security-1025,onnx,FP16,OpenVINO,passed,,,OpenVINO 2026.2
Instance Segmentation,instance-segmentation-security-1025,onnx,FP16-INT8,OpenVINO,passed,,,OpenVINO 2026.2
Instance Segmentation,instance-segmentation-security-1039,onnx,FP32,OpenVINO,passed,,,OpenVINO 2026.2
Instance Segmentation,instance-segmentation-security-1039,onnx,FP16,OpenVINO,passed,,,OpenVINO 2026.2
Instance Segmentation,instance-segmentation-security-1040,onnx,FP32,OpenVINO,passed,,,OpenVINO 2026.2
Instance Segmentation,instance-segmentation-security-1040,onnx,FP16,OpenVINO,passed,,,OpenVINO 2026.2
Audio,intel_dns,onnx,FP16,OpenVINO,passed,passed,passed,OpenVINO 2026.2
Audio,intel_dns,onnx,FP32,OpenVINO,passed,,passed,OpenVINO 2026.2
Audio,intel_dns,onnx,INT8,OpenVINO,passed,passed,passed,OpenVINO 2026.2
Large Language Model,internlm2-1_8b,pytorch,INT4,Optimum Intel,passed,,,OpenVINO 2026.2
Large Language Model,internlm2-7b,pytorch,INT4,Optimum Intel,passed,,,OpenVINO 2026.2
Large Language Model,internlm2-chat-1_8b,pytorch,INT4,Optimum Intel,passed,,,OpenVINO 2026.2
Large Language Model,internlm2-chat-7b,pytorch,INT4,Optimum Intel,passed,,,OpenVINO 2026.2
Large Language Model,internlm2-chat-7b-sft,pytorch,INT4,Optimum Intel,passed,,,OpenVINO 2026.2
Large Language Model,internlm2-math-7b,pytorch,INT4,Optimum Intel,passed,,,OpenVINO 2026.2
Large Language Model,internlm2-math-base-7b,pytorch,INT4,Optimum Intel,passed,,,OpenVINO 2026.2
Multimodal Large Language Model,internvl2-4b,pytorch,FP4-NORMALIZED,OpenVINO,,passed,,OpenVINO 2026.2
Multimodal Large Language Model,internvl2-4b,pytorch,INT4-MIXED,OpenVINO,,passed,,OpenVINO 2026.2
Multimodal Large Language Model,internvl2-4b,pytorch,FP16,OpenVINO,,passed,,OpenVINO 2026.2
Multimodal Large Language Model,internvl2-4b,pytorch,INT8-CW,OpenVINO,,passed,,OpenVINO 2026.2
Video Processing ,iseebetter,onnx,FP32,OpenVINO,passed,passed,passed,OpenVINO 2026.2
Video Processing ,iseebetter,onnx,FP16,OpenVINO,passed,passed,passed,OpenVINO 2026.2
Video Processing ,iseebetter,onnx,FP16-INT8,OpenVINO,passed,passed,,OpenVINO 2026.2
Large Language Model,jais-13b,pytorch,INT8-CW,OpenVINO,,passed,,OpenVINO 2026.2
Large Language Model,jais-13b,pytorch,INT4-MIXED,OpenVINO,,passed,,OpenVINO 2026.2
Large Language Model,jais-13b,pytorch,FP16,OpenVINO,,passed,,OpenVINO 2026.2
Natural Language Processing,jina-clip-v1,pytorch,FP16,OpenVINO,passed,passed,,OpenVINO 2026.2
Image Classification,jx_nest_small,pytorch,FP32,torch.compile,passed,passed,passed,OpenVINO 2026.2
Natural Language Processing,kcbert-base,pytorch,FP32,torch.compile,passed,passed,passed,OpenVINO 2026.2
Object Detection,keypoint_rcnn_R_50_FPN_1x,pytorch,FP32,torch.compile,,passed,,OpenVINO 2026.2
Object Detection,keypointrcnn_resnet50_fpn,pytorch,FP32,torch.compile,passed,passed,passed,OpenVINO 2026.2
Natural Language Processing,klue-roberta-base-ner,pytorch,intel-optimum default,Optimum Intel,passed,passed,,OpenVINO 2026.2
Image Classification,lambda_resnet50ts,pytorch,FP32,torch.compile,passed,passed,,OpenVINO 2026.2
Image Classification,lamhalobotnet50ts_256,pytorch,FP32,torch.compile,passed,passed,,OpenVINO 2026.2
Object Detection,landmarks-regression-retail-0009,onnx,FP32,OpenVINO,,,passed,OpenVINO 2026.2
Object Detection,landmarks-regression-retail-0009,onnx,FP16,OpenVINO,,,passed,OpenVINO 2026.2
Object Detection,landmarks-regression-retail-0009,onnx,FP16-INT8,OpenVINO,,,passed,OpenVINO 2026.2
Natural Language Processing,layoutlm-base-uncased,pytorch,FP32,torch.compile,passed,passed,passed,OpenVINO 2026.2
Image Generation,lcm-dreamshaper-v7,pytorch,INT8-CW,OpenVINO,,passed,passed,OpenVINO 2026.2
Image Generation,lcm-dreamshaper-v7,pytorch,INT8-HYBRID,OpenVINO,,passed,,OpenVINO 2026.2
Image Generation,lcm-dreamshaper-v7,pytorch,FP16,OpenVINO,,passed,,OpenVINO 2026.2
Image Generation,lcm-sdxl,pytorch,INT8-CW,OpenVINO,passed,passed,,OpenVINO 2026.2
Image Generation,lcm-sdxl,pytorch,INT8-HYBRID,OpenVINO,passed,passed,,OpenVINO 2026.2
Image Generation,lcm-sdxl,pytorch,FP16,OpenVINO,passed,passed,,OpenVINO 2026.2
Image Classification,lcnet_075.ra2_in1k,pytorch,FP32,torch.compile,passed,passed,passed,OpenVINO 2026.2
Image to Image,LearningToPaint,pytorch,FP32,torch.compile,passed,passed,passed,OpenVINO 2026.2
"Image Processing, Enhancement ",learning-to-see-in-the-dark-fuji,tf,FP32,OpenVINO,passed,passed,passed,OpenVINO 2026.2
"Image Processing, Enhancement ",learning-to-see-in-the-dark-fuji,tf,FP16,OpenVINO,passed,passed,passed,OpenVINO 2026.2
"Image Processing, Enhancement ",learning-to-see-in-the-dark-fuji,tf,FP16-INT8,OpenVINO,passed,passed,passed,OpenVINO 2026.2
"Image Processing, Enhancement ",learning-to-see-in-the-dark-sony,tf,FP32,OpenVINO,,,passed,OpenVINO 2026.2
"Image Processing, Enhancement ",learning-to-see-in-the-dark-sony,tf,FP16,OpenVINO,,,passed,OpenVINO 2026.2
"Image Processing, Enhancement ",learning-to-see-in-the-dark-sony,tf,FP16-INT8,OpenVINO,,,passed,OpenVINO 2026.2
Natural Language Processing,led-base-16384,pytorch,FP32,torch.compile,passed,passed,passed,OpenVINO 2026.2
Image Classification,legacy_senet154,pytorch,FP32,torch.compile,passed,passed,passed,OpenVINO 2026.2
Image Classification,legacy_seresnet34,pytorch,FP32,torch.compile,passed,passed,passed,OpenVINO 2026.2
Image Classification,legacy_seresnext50_32x4d,pytorch,FP32,torch.compile,passed,passed,passed,OpenVINO 2026.2
Natural Language Processing,legal-bert-base-uncased,pytorch,FP32,torch.compile,passed,passed,passed,OpenVINO 2026.2
Particle Interaction,lennard_jones,pytorch,FP32,torch.compile,passed,passed,passed,OpenVINO 2026.2
Image Classification,levit_128s.fb_dist_in1k,pytorch,FP32,torch.compile,passed,passed,passed,OpenVINO 2026.2
Image Classification,levit_conv_128.fb_dist_in1k,pytorch,FP32,torch.compile,passed,passed,passed,OpenVINO 2026.2
Image Classification,levit-128s,onnx,FP32,OpenVINO,passed,,passed,OpenVINO 2026.2
Image Classification,levit-128s,pytorch,FP32,OpenVINO,passed,passed,,OpenVINO 2026.2
Image Classification,levit-128s,onnx,FP16,OpenVINO,passed,,passed,OpenVINO 2026.2
Image Classification,levit-128s,onnx,FP16-INT8,OpenVINO,,,passed,OpenVINO 2026.2
Image Classification,levit-256,pytorch,intel-optimum default,Optimum Intel,passed,passed,,OpenVINO 2026.2
Text Detection,license-plate-recognition-barrier-0007,tf,FP32,OpenVINO,passed,,,OpenVINO 2026.2
Text Detection,license-plate-recognition-barrier-0007,tf,FP16,OpenVINO,passed,,,OpenVINO 2026.2
Text Detection,license-plate-recognition-barrier-0007,tf,FP16-INT8,OpenVINO,passed,,,OpenVINO 2026.2
Large Language Model,llama-2-13b-chat-hf,pytorch,INT4-MIXED,OpenVINO,,passed,passed,OpenVINO 2026.2
Large Language Model,llama-2-13b-chat-hf,pytorch,FP4-NORMALIZED,OpenVINO,,passed,passed,OpenVINO 2026.2
Large Language Model,llama-2-13b-chat-hf,pytorch,INT8-CW,OpenVINO,,passed,,OpenVINO 2026.2
Large Language Model,llama-2-13b-chat-hf,pytorch,FP16,OpenVINO,,passed,,OpenVINO 2026.2
Large Language Model,Llama-2-13b-chat-hf,pytorch,INT4,Optimum Intel,passed,passed,,OpenVINO 2026.2
Large Language Model,Llama-2-13b-hf,pytorch,INT4,Optimum Intel,passed,passed,,OpenVINO 2026.2
Large Language Model,llama-2-7b-chat-hf,pytorch,INT4-MIXED,OpenVINO,,passed,passed,OpenVINO 2026.2
Large Language Model,llama-2-7b-chat-hf,pytorch,FP4-NORMALIZED,OpenVINO,,passed,passed,OpenVINO 2026.2
Large Language Model,llama-2-7b-chat-hf,pytorch,FP16,OpenVINO,,passed,,OpenVINO 2026.2
Large Language Model,llama-2-7b-chat-hf,pytorch,INT8-CW,OpenVINO,,passed,,OpenVINO 2026.2
Large Language Model,Llama-2-7b-chat-hf,pytorch,INT4,Optimum Intel,passed,passed,,OpenVINO 2026.2
Large Language Model,Llama-2-7b-hf,pytorch,INT4,Optimum Intel,passed,passed,,OpenVINO 2026.2
Large Language Model,llama-3.1-8b,pytorch,INT4-MIXED,OpenVINO,,,passed,OpenVINO 2026.2
Large Language Model,llama-3.1-8b,pytorch,FP4-NORMALIZED,OpenVINO,,,passed,OpenVINO 2026.2
Large Language Model,llama-3.1-8b-instruct,pytorch,INT4-MIXED,OpenVINO,,passed,passed,OpenVINO 2026.2
Large Language Model,llama-3.1-8b-instruct,pytorch,FP4-NORMALIZED,OpenVINO,,passed,passed,OpenVINO 2026.2
Large Language Model,llama-3.1-8b-instruct,pytorch,INT8-CW,OpenVINO,,passed,,OpenVINO 2026.2
Large Language Model,llama-3.1-8b-instruct,pytorch,FP16,OpenVINO,,passed,,OpenVINO 2026.2
Large Language Model,llama-3.2-1b-instruct,pytorch,INT4-MIXED,OpenVINO,,passed,passed,OpenVINO 2026.2
Large Language Model,llama-3.2-1b-instruct,pytorch,INT8-CW,OpenVINO,,passed,,OpenVINO 2026.2
Large Language Model,llama-3.2-1b-instruct,pytorch,FP16,OpenVINO,,passed,,OpenVINO 2026.2
Large Language Model,llama-3.2-3b-instruct,pytorch,INT8-CW,OpenVINO,,passed,,OpenVINO 2026.2
Large Language Model,llama-3.2-3b-instruct,pytorch,INT4-MIXED,OpenVINO,,passed,passed,OpenVINO 2026.2
Large Language Model,llama-3.2-3b-instruct,pytorch,FP4-NORMALIZED,OpenVINO,,passed,passed,OpenVINO 2026.2
Large Language Model,llama-3.2-3b-instruct,pytorch,FP16,OpenVINO,,passed,,OpenVINO 2026.2
Large Language Model,llama-3-8b-instruct,pytorch,INT4-MIXED,OpenVINO,,passed,passed,OpenVINO 2026.2
Large Language Model,llama-3-8b-instruct,pytorch,FP4-NORMALIZED,OpenVINO,,passed,passed,OpenVINO 2026.2
Large Language Model,llama-3-8b-instruct,pytorch,INT8-CW,OpenVINO,,passed,,OpenVINO 2026.2
Large Language Model,llama-3-8b-instruct,pytorch,FP16,OpenVINO,,passed,,OpenVINO 2026.2
Vision Language Model,llava-next-video-7b-hf,pytorch,FP16,OpenVINO,,passed,,OpenVINO 2026.2
Vision Language Model,llava-next-video-7b-hf,pytorch,INT4-MIXED,OpenVINO,,passed,,OpenVINO 2026.2
Vision Language Model,llava-next-video-7b-hf,pytorch,INT8-CW,OpenVINO,,passed,,OpenVINO 2026.2
Vision Language Model,llava-v1.6-mistral-7b-hf,pytorch,INT8-CW,OpenVINO,,passed,,OpenVINO 2026.2
Vision Language Model,llava-v1.6-mistral-7b-hf,pytorch,FP16,OpenVINO,,passed,,OpenVINO 2026.2
Natural Language Processing,Longformer,pytorch,FP32,torch.compile,passed,passed,,OpenVINO 2026.2
Natural Language Processing,longformer-base-4096,pytorch,FP32,torch.compile,passed,passed,,OpenVINO 2026.2
Image Classification,lraspp_mobilenet_v3_large,pytorch,FP32,torch.compile,passed,passed,passed,OpenVINO 2026.2
Image Classification,lraspp-mobilenet-v3-large,onnx,FP32,OpenVINO,passed,passed,passed,OpenVINO 2026.2
Image Classification,lraspp-mobilenet-v3-large,onnx,FP16,OpenVINO,passed,passed,passed,OpenVINO 2026.2
Image Classification,lraspp-mobilenet-v3-large,onnx,FP16-INT8,OpenVINO,passed,passed,passed,OpenVINO 2026.2
Video Processing ,ltx-video,pytorch,FP16,OpenVINO,passed,,,OpenVINO 2026.2
Video Processing ,ltx-video,pytorch,INT8-CW,OpenVINO,passed,passed,,OpenVINO 2026.2
Video Processing ,ltx-video,pytorch,INT4-MIXED,OpenVINO,passed,passed,,OpenVINO 2026.2
Natural Language Processing,m2m100_418M,pytorch,intel-optimum default,Optimum Intel,passed,passed,,OpenVINO 2026.2
Natural Language Processing,machine-translation-nar-de-en-0001,onnx,FP32,OpenVINO,passed,,,OpenVINO 2026.2
Natural Language Processing,machine-translation-nar-de-en-0001,onnx,FP16,OpenVINO,passed,,,OpenVINO 2026.2
Natural Language Processing,machine-translation-nar-de-en-0002,onnx,FP32,OpenVINO,passed,,,OpenVINO 2026.2
Natural Language Processing,machine-translation-nar-de-en-0002,onnx,FP16,OpenVINO,passed,,,OpenVINO 2026.2
Natural Language Processing,machine-translation-nar-en-de-0001,onnx,FP32,OpenVINO,passed,passed,,OpenVINO 2026.2
Natural Language Processing,machine-translation-nar-en-de-0001,onnx,FP16,OpenVINO,passed,,,OpenVINO 2026.2
Natural Language Processing,machine-translation-nar-en-de-0002,onnx,FP32,OpenVINO,passed,,,OpenVINO 2026.2
Natural Language Processing,machine-translation-nar-en-de-0002,onnx,FP16,OpenVINO,passed,,,OpenVINO 2026.2
Natural Language Processing,machine-translation-nar-en-ru-0002,onnx,FP32,OpenVINO,passed,,,OpenVINO 2026.2
Natural Language Processing,machine-translation-nar-en-ru-0002,onnx,FP16,OpenVINO,passed,,,OpenVINO 2026.2
Natural Language Processing,machine-translation-nar-ru-en-0002,onnx,FP32,OpenVINO,passed,,,OpenVINO 2026.2
Natural Language Processing,machine-translation-nar-ru-en-0002,onnx,FP16,OpenVINO,passed,,,OpenVINO 2026.2
Natural Language Processing,machine-translation-nar-ru-en-0002,onnx,FP16-INT8,OpenVINO,passed,,,OpenVINO 2026.2
Large Language Model,Magicoder-CL-7B,pytorch,INT4,Optimum Intel,passed,passed,,OpenVINO 2026.2
Large Language Model,Magicoder-DS-6.7B,pytorch,INT4,Optimum Intel,passed,passed,,OpenVINO 2026.2
Large Language Model,Magicoder-S-CL-7B,pytorch,INT4,Optimum Intel,passed,passed,,OpenVINO 2026.2
Large Language Model,Magicoder-S-DS-6.7B,pytorch,INT4,Optimum Intel,passed,passed,,OpenVINO 2026.2
Text Recognition,maml_omniglot,pytorch,FP32,torch.compile,passed,passed,passed,OpenVINO 2026.2
Large Language Model,MarianCausalLM,pytorch,INT4,Optimum Intel,passed,passed,,OpenVINO 2026.2
Natural Language Processing,marian-finetuned-kde4-en-to-cn-accelerate,pytorch,intel-optimum default,Optimum Intel,passed,passed,,OpenVINO 2026.2
Instance Segmentation,mask_rcnn_inception_resnet_v2_atrous_coco,tf,FP16,OpenVINO,passed,passed,,OpenVINO 2026.2
Instance Segmentation,mask_rcnn_inception_resnet_v2_atrous_coco,tf,FP32,OpenVINO,passed,passed,,OpenVINO 2026.2
Instance Segmentation,mask_rcnn_inception_v2_coco,tf,FP16,OpenVINO,passed,passed,,OpenVINO 2026.2
Instance Segmentation,mask_rcnn_inception_v2_coco,tf,FP16-INT8,OpenVINO,passed,passed,,OpenVINO 2026.2
Object Detection,mask_rcnn_R_50_C4_1x,pytorch,FP32,torch.compile,,passed,,OpenVINO 2026.2
Object Detection,mask_rcnn_R_50_DC5_1x,pytorch,FP32,torch.compile,,passed,,OpenVINO 2026.2
Object Detection,mask_rcnn_R_50_FPN,pytorch,FP32,torch.compile,,passed,,OpenVINO 2026.2
Object Detection,mask_rcnn_R_50_FPN_1x,pytorch,FP32,torch.compile,,passed,,OpenVINO 2026.2
Object Detection,mask_rcnn_R_50_FPN_3x,pytorch,FP32,torch.compile,,passed,,OpenVINO 2026.2
Object Detection,mask_rcnn_R_50_FPN_3x_dconv_c3-c5,pytorch,FP32,torch.compile,,passed,,OpenVINO 2026.2
Object Detection,mask_rcnn_R_50_FPN_noaug_1x,pytorch,FP32,torch.compile,,passed,,OpenVINO 2026.2
Instance Segmentation,mask_rcnn_resnet101_atrous_coco,tf,FP16,OpenVINO,passed,passed,,OpenVINO 2026.2
Instance Segmentation,mask_rcnn_resnet101_atrous_coco,tf,INT8,OpenVINO,passed,passed,,OpenVINO 2026.2
Instance Segmentation,mask_rcnn_resnet101_atrous_coco,tf,FP32,OpenVINO,passed,passed,,OpenVINO 2026.2
Instance Segmentation,mask_rcnn_resnet101_atrous_coco,tf,FP16-INT8,OpenVINO,passed,passed,,OpenVINO 2026.2
Instance Segmentation,mask_rcnn_resnet50_atrous_coco,tf,FP32,OpenVINO,passed,passed,,OpenVINO 2026.2
Instance Segmentation,mask_rcnn_resnet50_atrous_coco,tf,FP16,OpenVINO,passed,passed,,OpenVINO 2026.2
Instance Segmentation,mask_rcnn_resnet50_atrous_coco,tf,INT8,OpenVINO,passed,passed,,OpenVINO 2026.2
Instance Segmentation,mask_rcnn_resnet50_atrous_coco,tf,FP16-INT8,OpenVINO,passed,passed,,OpenVINO 2026.2
"Image Processing, Enhancement ",Mask-AI-SRGAN,tf,FP32,OpenVINO,passed,passed,,OpenVINO 2026.2
"Image Processing, Enhancement ",Mask-AI-SRGAN,tf,FP16,OpenVINO,passed,passed,,OpenVINO 2026.2
"Image Processing, Enhancement ",Mask-AI-SRGAN,tf,FP16-INT8,OpenVINO,passed,passed,,OpenVINO 2026.2
Object Detection,maskrcnn_resnet50_fpn,pytorch,FP32,torch.compile,passed,passed,passed,OpenVINO 2026.2
Object Detection,maskrcnn_resnet50_fpn_v2,pytorch,FP32,torch.compile,passed,passed,passed,OpenVINO 2026.2
Object Detection,mask-rcnn-resnet50-fpn,onnx,FP32,OpenVINO,passed,,,OpenVINO 2026.2
Object Detection,mask-rcnn-resnet50-fpn,onnx,FP16,OpenVINO,passed,,,OpenVINO 2026.2
Image Classification,maxvit_rmlp_small_rw_224.sw_in1k,pytorch,FP32,torch.compile,passed,passed,passed,OpenVINO 2026.2
Image Classification,maxvit_t,pytorch,FP32,torch.compile,passed,passed,passed,OpenVINO 2026.2
Image Classification,maxxvit_rmlp_small_rw_256.sw_in1k,pytorch,FP32,torch.compile,passed,passed,passed,OpenVINO 2026.2
Image Classification,maxxvitv2_rmlp_base_rw_224.sw_in12k_ft_in1k,pytorch,FP32,torch.compile,passed,passed,passed,OpenVINO 2026.2
Natural Language Processing,mbart-large-50-many-to-one-mmt,pytorch,intel-optimum default,Optimum Intel,passed,passed,,OpenVINO 2026.2
Action Recognition,mc3_18,pytorch,FP32,torch.compile,passed,passed,passed,OpenVINO 2026.2
Large Language Model,Meta-Llama-3-8B,pytorch,INT4,Optimum Intel,passed,passed,,OpenVINO 2026.2
Large Language Model,Meta-Llama-3-8B-Instruct,pytorch,INT4,Optimum Intel,passed,passed,,OpenVINO 2026.2
Large Language Model,Meta-Llama-Guard-2-8B,pytorch,INT4,Optimum Intel,passed,passed,,OpenVINO 2026.2
Monodepth,midasnet,onnx,FP32,OpenVINO,passed,passed,,OpenVINO 2026.2
Monodepth,midasnet,onnx,FP16,OpenVINO,passed,,,OpenVINO 2026.2
Monodepth,midasnet,onnx,FP16-INT8,OpenVINO,passed,passed,,OpenVINO 2026.2
Large Language Model,MindChat-Qwen2-4B,pytorch,INT4,Optimum Intel,passed,passed,,OpenVINO 2026.2
Large Language Model,minicpm-1b-sft,pytorch,INT8-CW,OpenVINO,passed,passed,passed,OpenVINO 2026.2
Large Language Model,minicpm-1b-sft,pytorch,INT4-MIXED,OpenVINO,passed,passed,passed,OpenVINO 2026.2
Large Language Model,minicpm-1b-sft,pytorch,FP16,OpenVINO,passed,passed,,OpenVINO 2026.2
Large Language Model,MiniCPM-2B-sft-bf16,pytorch,INT4,Optimum Intel,passed,passed,,OpenVINO 2026.2
Large Language Model,minicpm3-4b,pytorch,INT8-CW,OpenVINO,,passed,,OpenVINO 2026.2
Large Language Model,minicpm3-4b,pytorch,FP4-NORMALIZED,OpenVINO,,passed,passed,OpenVINO 2026.2
Large Language Model,minicpm3-4b,pytorch,FP16,OpenVINO,,passed,,OpenVINO 2026.2
Large Language Model,minicpm3-4b,pytorch,INT4-MIXED,OpenVINO,,passed,passed,OpenVINO 2026.2
Large Language Model,minicpm4-0.5b,pytorch,INT8-CW,OpenVINO,,passed,,OpenVINO 2026.2
Large Language Model,minicpm4-0.5b,pytorch,INT4-MIXED,OpenVINO,,passed,passed,OpenVINO 2026.2
Large Language Model,minicpm4-0.5b,pytorch,FP4-NORMALIZED,OpenVINO,,passed,passed,OpenVINO 2026.2
Large Language Model,minicpm4-0.5b,pytorch,FP16,OpenVINO,,passed,,OpenVINO 2026.2
Large Language Model,minicpm4-8b,pytorch,FP4-NORMALIZED,OpenVINO,,passed,passed,OpenVINO 2026.2
Large Language Model,minicpm4-8b,pytorch,INT4-MIXED,OpenVINO,,passed,passed,OpenVINO 2026.2
Large Language Model,minicpm4-8b,pytorch,INT8-CW,OpenVINO,,passed,,OpenVINO 2026.2
Large Language Model,minicpm4-8b,pytorch,FP16,OpenVINO,,passed,,OpenVINO 2026.2
Multimodal Large Language Model,minicpm-o-2_6,pytorch,INT4-MIXED,OpenVINO,,passed,passed,OpenVINO 2026.2
Multimodal Large Language Model,minicpm-o-2_6,pytorch,FP16,OpenVINO,,passed,,OpenVINO 2026.2
Multimodal Large Language Model,minicpm-o-2_6,pytorch,INT8-CW,OpenVINO,,passed,,OpenVINO 2026.2
Multimodal Large Language Model,minicpm-v-2_6,pytorch,INT4-MIXED,OpenVINO,,passed,passed,OpenVINO 2026.2
Multimodal Large Language Model,minicpm-v-2_6,pytorch,INT8-CW,OpenVINO,,passed,,OpenVINO 2026.2
Multimodal Large Language Model,minicpm-v-2_6,pytorch,FP16,OpenVINO,,passed,,OpenVINO 2026.2
Multimodal Large Language Model,minicpm-v-4_5,pytorch,FP16,OpenVINO,,passed,,OpenVINO 2026.2
Multimodal Large Language Model,minicpm-v-4_5,pytorch,INT4-MIXED,OpenVINO,,passed,passed,OpenVINO 2026.2
Multimodal Large Language Model,minicpm-v-4_5,pytorch,INT8-CW,OpenVINO,,passed,,OpenVINO 2026.2
Natural Language Processing,minilm-uncased-squad2,pytorch,FP32,torch.compile,passed,passed,passed,OpenVINO 2026.2
Large Language Model,mistral-7b-instruct-v0.1,pytorch,FP16,OpenVINO,,passed,,OpenVINO 2026.2
Large Language Model,mistral-7b-instruct-v0.1,pytorch,INT4-MIXED,OpenVINO,,passed,,OpenVINO 2026.2
Large Language Model,mistral-7b-instruct-v0.1,pytorch,INT8-CW,OpenVINO,,passed,,OpenVINO 2026.2
Large Language Model,mistral-7b-instruct-v0.2,pytorch,INT4-MIXED,OpenVINO,,passed,passed,OpenVINO 2026.2
Large Language Model,mistral-7b-instruct-v0.2,pytorch,FP4-NORMALIZED,OpenVINO,,passed,passed,OpenVINO 2026.2
Large Language Model,mistral-7b-instruct-v0.2,pytorch,INT8-CW,OpenVINO,,passed,,OpenVINO 2026.2
Large Language Model,mistral-7b-instruct-v0.2,pytorch,FP16,OpenVINO,,passed,,OpenVINO 2026.2
Large Language Model,Mistral-7B-Instruct-v0.2,pytorch,INT4,Optimum Intel,passed,passed,,OpenVINO 2026.2
Large Language Model,mistral-7b-instruct-v0.3,pytorch,INT8-CW,OpenVINO,,passed,,OpenVINO 2026.2
Large Language Model,mistral-7b-instruct-v0.3,pytorch,INT4-MIXED,OpenVINO,,passed,passed,OpenVINO 2026.2
Large Language Model,mistral-7b-instruct-v0.3,pytorch,FP4-NORMALIZED,OpenVINO,,passed,passed,OpenVINO 2026.2
Large Language Model,mistral-7b-instruct-v0.3,pytorch,FP16,OpenVINO,,passed,,OpenVINO 2026.2
Large Language Model,Mistral-7B-Instruct-v0.3,pytorch,INT4,Optimum Intel,passed,passed,,OpenVINO 2026.2
Large Language Model,mistral-7b-v0.1,pytorch,FP16,OpenVINO,passed,passed,,OpenVINO 2026.2
Large Language Model,mistral-7b-v0.1,pytorch,INT8-CW,OpenVINO,passed,passed,,OpenVINO 2026.2
Large Language Model,mistral-7b-v0.1,pytorch,INT4-MIXED,OpenVINO,passed,passed,passed,OpenVINO 2026.2
Large Language Model,Mistral-7B-v0.3,pytorch,INT4,Optimum Intel,passed,passed,,OpenVINO 2026.2
Large Language Model,mistral-small-24b-instruct-2501,pytorch,INT8-CW,OpenVINO,,passed,,OpenVINO 2026.2
Large Language Model,mistral-small-24b-instruct-2501,pytorch,INT4-MIXED,OpenVINO,,passed,,OpenVINO 2026.2
Image Classification,mixer_b16_224_miil,pytorch,FP32,torch.compile,passed,passed,passed,OpenVINO 2026.2
Image Classification,mixer_l16_224_in21k,pytorch,FP32,torch.compile,passed,passed,passed,OpenVINO 2026.2
Image Classification,mixnet_l.ft_in1k,pytorch,FP32,torch.compile,passed,passed,passed,OpenVINO 2026.2
Image Classification,mixnet-l,pytorch,FP32,OpenVINO,passed,passed,,OpenVINO 2026.2
Image Classification,mixnet-l,pytorch,FP32-INT8,OpenVINO,passed,passed,passed,OpenVINO 2026.2
Large Language Model,mixtral-8x7b-v0.1,pytorch,INT4-MIXED,OpenVINO,passed,passed,,OpenVINO 2026.2
Large Language Model,mixtral-8x7b-v0.1,pytorch,INT8-CW,OpenVINO,,passed,,OpenVINO 2026.2
Image Classification,mlp-mixer-b16-224-miil,onnx,FP32,OpenVINO,,,passed,OpenVINO 2026.2
Image Classification,mlp-mixer-b16-224-miil,pytorch,FP32,OpenVINO,passed,passed,,OpenVINO 2026.2
Image Classification,mlp-mixer-b16-224-miil,onnx,FP16,OpenVINO,,,passed,OpenVINO 2026.2
Image Classification,mlp-mixer-b16-224-miil,onnx,FP16-INT8,OpenVINO,,,passed,OpenVINO 2026.2
Image Classification,mlp-mixer-b16-224-miil,pytorch,FP32-INT8,OpenVINO,passed,passed,passed,OpenVINO 2026.2
Image Classification,mnasnet_small.lamb_in1k,pytorch,FP32,torch.compile,passed,passed,passed,OpenVINO 2026.2
Image Classification,mnasnet-0.5,onnx,FP32,OpenVINO,passed,,,OpenVINO 2026.2
Image Classification,mnasnet-0.5,onnx,FP16,OpenVINO,passed,,passed,OpenVINO 2026.2
Image Classification,mnasnet-0.5,onnx,FP16-INT8,OpenVINO,passed,,passed,OpenVINO 2026.2
Image Classification,mnasnet0_5,pytorch,FP32,torch.compile,passed,passed,passed,OpenVINO 2026.2
Image Classification,mnasnet0_75,pytorch,FP32,torch.compile,passed,passed,passed,OpenVINO 2026.2
Object Detection,mnasnet-1.0,pytorch,FP32,OpenVINO,passed,passed,,OpenVINO 2026.2
Object Detection,mnasnet-1.0,pytorch,FP32-INT8,OpenVINO,passed,passed,passed,OpenVINO 2026.2
Image Classification,mnasnet1_3,pytorch,FP32,torch.compile,passed,passed,passed,OpenVINO 2026.2
Natural Language Processing,mobilebert,onnx,FP16-INT8,OpenVINO,passed,passed,passed,OpenVINO 2026.2
Natural Language Processing,mobilebert-uncased,pytorch,FP32,torch.compile,passed,passed,passed,OpenVINO 2026.2
Object Detection,mobilenet_v1_1.0_224,pytorch,intel-optimum default,Optimum Intel,passed,passed,,OpenVINO 2026.2
Object Detection,mobilenet_v2,pytorch,FP32,torch.compile,passed,passed,passed,OpenVINO 2026.2
Object Detection,mobilenet_v2_1.4_224,pytorch,intel-optimum default,Optimum Intel,passed,passed,,OpenVINO 2026.2
Object Detection,mobilenet_v3_large,pytorch,FP32,torch.compile,passed,passed,passed,OpenVINO 2026.2
Object Detection,mobilenet_v3_small,pytorch,FP32,torch.compile,passed,passed,passed,OpenVINO 2026.2
Object Detection,mobilenet-v1-0.25-128,tf,FP32,OpenVINO,passed,,passed,OpenVINO 2026.2
Object Detection,mobilenet-v1-0.25-128,tf,FP16,OpenVINO,passed,,passed,OpenVINO 2026.2
Object Detection,mobilenet-v1-0.25-128,tf,FP16-INT8,OpenVINO,passed,,passed,OpenVINO 2026.2
Object Detection,mobilenet-v1-1.0-224,tf,FP32,OpenVINO,passed,,passed,OpenVINO 2026.2
Object Detection,mobilenet-v1-1.0-224,tf,FP16,OpenVINO,passed,,passed,OpenVINO 2026.2
Object Detection,mobilenet-v1-1.0-224,tf,FP16-INT8,OpenVINO,passed,,passed,OpenVINO 2026.2
Object Detection,mobilenet-v2,onnx,FP32,OpenVINO,passed,passed,passed,OpenVINO 2026.2
Object Detection,mobilenet-v2,pytorch,FP32,OpenVINO,passed,passed,,OpenVINO 2026.2
Object Detection,mobilenet-v2,onnx,FP16,OpenVINO,passed,passed,passed,OpenVINO 2026.2
Object Detection,mobilenet-v2,onnx,FP16-INT8,OpenVINO,passed,passed,passed,OpenVINO 2026.2
Object Detection,mobilenet-v2,paddle,FP32,OpenVINO,passed,passed,passed,OpenVINO 2026.2
Object Detection,mobilenet-v2,paddle,FP16,OpenVINO,passed,passed,passed,OpenVINO 2026.2
Object Detection,mobilenet-v2,pytorch,FP32-INT8,OpenVINO,passed,passed,passed,OpenVINO 2026.2
Object Detection,mobilenet-v2,paddle,INT8,OpenVINO,passed,passed,passed,OpenVINO 2026.2
Object Detection,mobilenetv2_050.lamb_in1k,pytorch,FP32,torch.compile,passed,passed,passed,OpenVINO 2026.2
Object Detection,mobilenet-v2-1.0-224,tf,FP32,OpenVINO,passed,passed,passed,OpenVINO 2026.2
Object Detection,mobilenet-v2-1.0-224,tf,FP16,OpenVINO,passed,passed,passed,OpenVINO 2026.2
Object Detection,mobilenet-v2-1.0-224,tf,FP16-INT8,OpenVINO,passed,passed,passed,OpenVINO 2026.2
Object Detection,mobilenet-v2-1.0-224,tf2,FP16,OpenVINO,passed,,passed,OpenVINO 2026.2
Object Detection,mobilenet-v2-1.0-224,tf2,FP32,OpenVINO,passed,passed,passed,OpenVINO 2026.2
Object Detection,mobilenet-v2-1.0-224,tf2,INT8,OpenVINO,passed,passed,passed,OpenVINO 2026.2
Object Detection,mobilenetv2-int8-onnx-0001,onnx,FP16-INT8,OpenVINO,passed,,passed,OpenVINO 2026.2
Object Detection,mobilenetv3_large_100.miil_in21k,pytorch,FP32,torch.compile,passed,passed,passed,OpenVINO 2026.2
Object Detection,mobilenet-v3-large-1.0-224,onnx,FP32,OpenVINO,passed,passed,passed,OpenVINO 2026.2
Object Detection,mobilenet-v3-large-1.0-224,tf,FP32,OpenVINO,passed,passed,passed,OpenVINO 2026.2
Object Detection,mobilenet-v3-large-1.0-224,tf2,FP32,OpenVINO,passed,passed,passed,OpenVINO 2026.2
Object Detection,mobilenet-v3-large-1.0-224,onnx,FP16,OpenVINO,passed,passed,passed,OpenVINO 2026.2
Object Detection,mobilenet-v3-large-1.0-224,tf,FP16,OpenVINO,passed,passed,passed,OpenVINO 2026.2
Object Detection,mobilenet-v3-large-1.0-224,tf2,FP16,OpenVINO,passed,passed,passed,OpenVINO 2026.2
Object Detection,mobilenet-v3-large-1.0-224,onnx,FP16-INT8,OpenVINO,passed,passed,passed,OpenVINO 2026.2
Object Detection,mobilenet-v3-large-1.0-224,tf2,FP16-INT8,OpenVINO,passed,passed,passed,OpenVINO 2026.2
Object Detection,mobilenet-v3-large-1.0-224,paddle,FP16,OpenVINO,passed,passed,passed,OpenVINO 2026.2
Object Detection,mobilenet-v3-large-1.0-224,paddle,FP32,OpenVINO,passed,passed,passed,OpenVINO 2026.2
Object Detection,mobilenet-v3-large-1.0-224,paddle,INT8,OpenVINO,passed,passed,passed,OpenVINO 2026.2
Object Detection,mobilenet-v3-small-1.0-224,onnx,FP32,OpenVINO,passed,,passed,OpenVINO 2026.2
Object Detection,mobilenet-v3-small-1.0-224,tf,FP32,OpenVINO,passed,,passed,OpenVINO 2026.2
Object Detection,mobilenet-v3-small-1.0-224,tf2,FP32,OpenVINO,passed,,passed,OpenVINO 2026.2
Object Detection,mobilenet-v3-small-1.0-224,onnx,FP16,OpenVINO,passed,,passed,OpenVINO 2026.2
Object Detection,mobilenet-v3-small-1.0-224,tf,FP16,OpenVINO,passed,,passed,OpenVINO 2026.2
Object Detection,mobilenet-v3-small-1.0-224,tf2,FP16,OpenVINO,passed,,passed,OpenVINO 2026.2
Object Detection,mobilenet-v3-small-1.0-224,onnx,FP16-INT8,OpenVINO,passed,,,OpenVINO 2026.2
Object Detection,mobilenet-v3-small-1.0-224,tf2,FP16-INT8,OpenVINO,passed,,passed,OpenVINO 2026.2
Object Detection,mobilenet-yolo-v4-syg,tf,FP32,OpenVINO,,,passed,OpenVINO 2026.2
Object Detection,mobilenet-yolo-v4-syg,tf,FP16,OpenVINO,,,passed,OpenVINO 2026.2
Object Detection,mobilenet-yolo-v4-syg,tf,FP16-INT8,OpenVINO,passed,passed,,OpenVINO 2026.2
Image Classification,mobilevit_s,pytorch,FP32,torch.compile,passed,passed,passed,OpenVINO 2026.2
Object Detection,mobilevitv2_150,pytorch,FP32,torch.compile,passed,passed,passed,OpenVINO 2026.2
Image Classification,mobilevit-xx-small,pytorch,intel-optimum default,Optimum Intel,passed,passed,,OpenVINO 2026.2
Background Matting,modnet_photographic_portrait_matting,onnx,FP32,OpenVINO,passed,passed,,OpenVINO 2026.2
Background Matting,modnet_photographic_portrait_matting,onnx,FP16,OpenVINO,passed,passed,,OpenVINO 2026.2
Background Matting,modnet_photographic_portrait_matting,onnx,FP16-INT8,OpenVINO,passed,passed,,OpenVINO 2026.2
Background Matting,modnet_webcam_portrait_matting,onnx,FP32,OpenVINO,passed,passed,,OpenVINO 2026.2
Background Matting,modnet_webcam_portrait_matting,onnx,FP16,OpenVINO,passed,passed,,OpenVINO 2026.2
Background Matting,modnet_webcam_portrait_matting,onnx,FP16-INT8,OpenVINO,passed,passed,,OpenVINO 2026.2
Speech Recognition,mozilla-deepspeech-0.6.1,tf,FP16,OpenVINO,passed,,,OpenVINO 2026.2
Speech Recognition,mozilla-deepspeech-0.6.1,tf,FP16-INT8,OpenVINO,passed,,,OpenVINO 2026.2
Speech Recognition,mozilla-deepspeech-0.6.1,tf,FP32,OpenVINO,passed,,,OpenVINO 2026.2
Speech Recognition,mozilla-deepspeech-0.7.1,tf,FP16,OpenVINO,passed,,,OpenVINO 2026.2
Speech Recognition,mozilla-deepspeech-0.7.1,tf,FP16-INT8,OpenVINO,passed,,,OpenVINO 2026.2
Speech Recognition,mozilla-deepspeech-0.7.1,tf,FP32,OpenVINO,passed,,,OpenVINO 2026.2
Speech Recognition,mozilla-deepspeech-0.8.2,tf,INT8,OpenVINO,passed,passed,passed,OpenVINO 2026.2
Speech Recognition,mozilla-deepspeech-0.8.2,tf,FP32,OpenVINO,passed,passed,passed,OpenVINO 2026.2
Speech Recognition,mozilla-deepspeech-0.8.2,tf,FP16,OpenVINO,passed,passed,passed,OpenVINO 2026.2
Speech Recognition,mozilla-deepspeech-0.8.2,tf,FP16-INT8,OpenVINO,passed,,passed,OpenVINO 2026.2
Natural Language Processing,mpnet-base,pytorch,FP32,torch.compile,passed,passed,passed,OpenVINO 2026.2
Large Language Model,mpt-30b-chat,pytorch,INT4-MIXED,OpenVINO,passed,,,OpenVINO 2026.2
Large Language Model,mpt-30b-chat,pytorch,INT8-CW,OpenVINO,passed,,,OpenVINO 2026.2
Large Language Model,mpt-7b,pytorch,INT4,Optimum Intel,passed,passed,,OpenVINO 2026.2
Large Language Model,mpt-7b-8k,pytorch,INT4,Optimum Intel,passed,passed,,OpenVINO 2026.2
Large Language Model,mpt-7b-8k-chat,pytorch,INT4,Optimum Intel,passed,passed,,OpenVINO 2026.2
Large Language Model,mpt-7b-chat,pytorch,INT4,Optimum Intel,passed,passed,,OpenVINO 2026.2
Large Language Model,mpt-7b-instruct,pytorch,INT4,Optimum Intel,passed,passed,,OpenVINO 2026.2
Large Language Model,mpt-7b-storywriter,pytorch,INT4,Optimum Intel,passed,passed,,OpenVINO 2026.2
Natural Language Processing,ms-marco-electra-base,pytorch,intel-optimum default,Optimum Intel,passed,passed,,OpenVINO 2026.2
Natural Language Processing,mt5-small-sum-de-en-v2,pytorch,FP32,torch.compile,passed,passed,passed,OpenVINO 2026.2
Video Classification,mvit_v1_b,pytorch,FP32,torch.compile,passed,passed,passed,OpenVINO 2026.2
Video Classification,mvit_v2_s,pytorch,FP32,torch.compile,passed,passed,passed,OpenVINO 2026.2
Video Classification,mvitv2_small,pytorch,FP32,torch.compile,passed,passed,passed,OpenVINO 2026.2
Object Detection,nanodet-m-1.5x-416,onnx,FP32,OpenVINO,passed,passed,passed,OpenVINO 2026.2
Object Detection,nanodet-m-1.5x-416,onnx,FP16,OpenVINO,passed,passed,passed,OpenVINO 2026.2
Object Detection,nanodet-m-1.5x-416,onnx,FP16-INT8,OpenVINO,passed,passed,passed,OpenVINO 2026.2
Multimodal Large Language Model,nanollava,pytorch,FP16,OpenVINO,,passed,,OpenVINO 2026.2
Multimodal Large Language Model,nanollava,pytorch,INT4-MIXED,OpenVINO,,passed,,OpenVINO 2026.2
Multimodal Large Language Model,nanollava,pytorch,INT8-CW,OpenVINO,,passed,,OpenVINO 2026.2
Image Classification,nasnet-a-large-331,tf,FP32,OpenVINO,passed,passed,passed,OpenVINO 2026.2
Image Classification,nasnet-a-large-331,tf,FP16,OpenVINO,passed,passed,passed,OpenVINO 2026.2
Image Classification,nasnet-a-large-331,tf,FP16-INT8,OpenVINO,passed,passed,passed,OpenVINO 2026.2
Image Classification,nasnet-a-mobile-224,tf,FP32,OpenVINO,passed,,passed,OpenVINO 2026.2
Image Classification,nasnet-a-mobile-224,tf,FP16,OpenVINO,passed,,passed,OpenVINO 2026.2
Image Classification,nasnet-a-mobile-224,tf,FP16-INT8,OpenVINO,passed,,passed,OpenVINO 2026.2
Image Classification,netvlad,tf,FP32,OpenVINO,passed,,passed,OpenVINO 2026.2
Image Classification,netvlad,tf,FP16,OpenVINO,passed,,passed,OpenVINO 2026.2
Image Classification,netvlad,tf,FP16-INT8,OpenVINO,passed,,passed,OpenVINO 2026.2
Large Language Model,neural-chat-7b-v1-1,pytorch,INT4,Optimum Intel,passed,passed,,OpenVINO 2026.2
Large Language Model,neural-chat-7b-v3-3,pytorch,INT8-CW,OpenVINO,passed,,,OpenVINO 2026.2
Large Language Model,neural-chat-7b-v3-3,pytorch,INT4-MIXED,OpenVINO,passed,,,OpenVINO 2026.2
Large Language Model,neural-chat-7b-v3-3,pytorch,FP16,OpenVINO,passed,,,OpenVINO 2026.2
Large Language Model,neural-chat-7b-v3-3,pytorch,INT4,Optimum Intel,passed,passed,,OpenVINO 2026.2
Image Classification,nf_regnet_b1,pytorch,FP32,torch.compile,passed,passed,passed,OpenVINO 2026.2
Image Classification,nf_resnet50,pytorch,FP32,torch.compile,passed,passed,passed,OpenVINO 2026.2
Image Classification,nfnet,pytorch,FP32,torch.compile,passed,passed,,OpenVINO 2026.2
Image Classification,nfnet_l0,pytorch,FP32,torch.compile,passed,passed,passed,OpenVINO 2026.2
Image Classification,nfnet-f0,onnx,FP32,OpenVINO,,,passed,OpenVINO 2026.2
Image Classification,nfnet-f0,onnx,FP16,OpenVINO,,,passed,OpenVINO 2026.2
Image Classification,nfnet-f0,onnx,FP16-INT8,OpenVINO,passed,passed,,OpenVINO 2026.2
Image Classification,nfnet-f6,pytorch,FP32,OpenVINO,passed,passed,,OpenVINO 2026.2
Image Classification,nfnet-f6,pytorch,FP32-INT8,OpenVINO,passed,,passed,OpenVINO 2026.2
Audio Enhancement,noise-suppression-denseunet-ll-0001,onnx,FP16,OpenVINO,passed,,,OpenVINO 2026.2
Audio Enhancement,noise-suppression-poconetlike-0001,onnx,FP32,OpenVINO,passed,,,OpenVINO 2026.2
Audio Enhancement,noise-suppression-poconetlike-0001,onnx,FP16,OpenVINO,passed,,,OpenVINO 2026.2
Audio Enhancement,noise-suppression-poconetlike-0001,onnx,FP16-INT8,OpenVINO,passed,,passed,OpenVINO 2026.2
Large Language Model,notus-7b-v1,pytorch,FP16,OpenVINO,passed,,,OpenVINO 2026.2
Large Language Model,notus-7b-v1,pytorch,INT4-MIXED,OpenVINO,passed,,passed,OpenVINO 2026.2
Large Language Model,notus-7b-v1,pytorch,INT8-CW,OpenVINO,passed,,,OpenVINO 2026.2
Recommender,nvidia_deeprecommender,pytorch,FP32,torch.compile,passed,passed,passed,OpenVINO 2026.2
Text Detection,ocr-perpetuuiti,tf,FP16,OpenVINO,passed,,,OpenVINO 2026.2
Text Detection,ocr-perpetuuiti,tf,FP16-INT8,OpenVINO,passed,,,OpenVINO 2026.2
Text Detection,ocr-perpetuuiti,tf,FP32,OpenVINO,passed,,,OpenVINO 2026.2
Image Classification,open-closed-eye-0001,onnx,FP32,OpenVINO,passed,passed,passed,OpenVINO 2026.2
Image Classification,open-closed-eye-0001,onnx,FP16,OpenVINO,passed,passed,passed,OpenVINO 2026.2
Image Classification,open-closed-eye-0001,onnx,FP16-INT8,OpenVINO,passed,passed,passed,OpenVINO 2026.2
Natural Language Processing,opennmt-hindi-english,onnx,FP32,OpenVINO,passed,passed,passed,OpenVINO 2026.2
Object Detection,openpose-pose,tf,FP32,OpenVINO,,,passed,OpenVINO 2026.2
Object Detection,openpose-pose,tf,FP16-INT8,OpenVINO,,,passed,OpenVINO 2026.2
Object Detection,openpose-pose,tf,FP16,OpenVINO,passed,,,OpenVINO 2026.2
Large Language Model,opt-1.3b,pytorch,INT4,Optimum Intel,passed,passed,,OpenVINO 2026.2
Large Language Model,opt-2.7b,pytorch,INT4,Optimum Intel,passed,passed,,OpenVINO 2026.2
Panoptic Segmentation,panoptic_fpn_R_101_dconv_cascade_gn_3x,pytorch,FP32,torch.compile,,passed,,OpenVINO 2026.2
Panoptic Segmentation,panoptic_fpn_R_50_1x,pytorch,FP32,torch.compile,,passed,,OpenVINO 2026.2
Large Language Model,Pegasus-7b-slerp,pytorch,INT4,Optimum Intel,passed,passed,,OpenVINO 2026.2
Natural Language Processing,pegasus-samsum,pytorch,intel-optimum default,Optimum Intel,passed,passed,,OpenVINO 2026.2
Large Language Model,persimmon-8b-chat,pytorch,INT4,Optimum Intel,passed,passed,,OpenVINO 2026.2
Object Detection,person-attributes-recognition-crossroad-0230,onnx,FP32,OpenVINO,passed,passed,passed,OpenVINO 2026.2
Object Detection,person-attributes-recognition-crossroad-0230,onnx,FP16,OpenVINO,passed,passed,passed,OpenVINO 2026.2
Object Detection,person-attributes-recognition-crossroad-0234,onnx,FP32,OpenVINO,passed,passed,passed,OpenVINO 2026.2
Object Detection,person-attributes-recognition-crossroad-0234,onnx,FP16,OpenVINO,passed,passed,passed,OpenVINO 2026.2
Object Detection,person-attributes-recognition-crossroad-0234,onnx,FP16-INT8,OpenVINO,passed,passed,,OpenVINO 2026.2
Object Detection,person-attributes-recognition-crossroad-0238,onnx,FP32,OpenVINO,passed,passed,passed,OpenVINO 2026.2
Object Detection,person-attributes-recognition-crossroad-0238,onnx,FP16,OpenVINO,passed,passed,passed,OpenVINO 2026.2
Object Detection,person-attributes-recognition-crossroad-0238,onnx,FP16-INT8,OpenVINO,passed,passed,passed,OpenVINO 2026.2
Object Detection,person-detection-0100,onnx,FP32,OpenVINO,passed,passed,passed,OpenVINO 2026.2
Object Detection,person-detection-0100,onnx,FP16,OpenVINO,passed,passed,passed,OpenVINO 2026.2
Object Detection,person-detection-0101,onnx,FP32,OpenVINO,passed,passed,passed,OpenVINO 2026.2
Object Detection,person-detection-0101,onnx,FP16,OpenVINO,passed,passed,passed,OpenVINO 2026.2
Object Detection,person-detection-0102,onnx,FP32,OpenVINO,passed,passed,passed,OpenVINO 2026.2
Object Detection,person-detection-0102,onnx,FP16,OpenVINO,passed,passed,passed,OpenVINO 2026.2
Object Detection,person-detection-0106,onnx,FP16,OpenVINO,passed,,,OpenVINO 2026.2
Object Detection,person-detection-0106,onnx,FP32,OpenVINO,passed,,,OpenVINO 2026.2
Object Detection,person-detection-0200,onnx,FP32,OpenVINO,passed,passed,passed,OpenVINO 2026.2
Object Detection,person-detection-0200,onnx,FP16,OpenVINO,passed,passed,passed,OpenVINO 2026.2
Object Detection,person-detection-0201,onnx,FP32,OpenVINO,passed,passed,passed,OpenVINO 2026.2
Object Detection,person-detection-0201,onnx,FP16,OpenVINO,passed,passed,passed,OpenVINO 2026.2
Object Detection,person-detection-0202,onnx,FP32,OpenVINO,passed,passed,passed,OpenVINO 2026.2
Object Detection,person-detection-0202,onnx,FP16,OpenVINO,passed,passed,passed,OpenVINO 2026.2
Object Detection,person-detection-0203,onnx,FP32,OpenVINO,passed,passed,,OpenVINO 2026.2
Object Detection,person-detection-0203,onnx,FP16,OpenVINO,passed,passed,,OpenVINO 2026.2
Object Detection,person-detection-0203,onnx,FP16-INT8,OpenVINO,passed,passed,,OpenVINO 2026.2
Object Detection,person-detection-0301,onnx,FP16,OpenVINO,passed,,,OpenVINO 2026.2
Object Detection,person-detection-0301,onnx,FP32,OpenVINO,passed,,,OpenVINO 2026.2
Object Detection,person-detection-0302,onnx,FP32,OpenVINO,,,passed,OpenVINO 2026.2
Object Detection,person-detection-0302,onnx,FP16,OpenVINO,,,passed,OpenVINO 2026.2
Object Detection,person-detection-0303,onnx,FP32,OpenVINO,passed,,,OpenVINO 2026.2
Object Detection,person-detection-0303,onnx,FP16,OpenVINO,passed,,,OpenVINO 2026.2
Object Detection,person-detection-action-recognition-0006,tf,FP32,OpenVINO,passed,passed,passed,OpenVINO 2026.2
Object Detection,person-detection-action-recognition-0006,tf,FP16,OpenVINO,passed,passed,passed,OpenVINO 2026.2
Object Detection,person-detection-action-recognition-0006,tf,FP16-INT8,OpenVINO,passed,passed,passed,OpenVINO 2026.2
Object Detection,person-detection-asl-0001,onnx,FP32,OpenVINO,passed,passed,,OpenVINO 2026.2
Object Detection,person-detection-asl-0001,onnx,FP16,OpenVINO,passed,passed,,OpenVINO 2026.2
Object Detection,person-detection-asl-0001,onnx,FP16-INT8,OpenVINO,passed,passed,,OpenVINO 2026.2
Object Detection,person-reidentification-retail-0248,onnx,FP32,OpenVINO,passed,passed,passed,OpenVINO 2026.2
Object Detection,person-reidentification-retail-0248,onnx,FP16,OpenVINO,passed,passed,passed,OpenVINO 2026.2
Object Detection,person-reidentification-retail-0248,onnx,FP16-INT8,OpenVINO,passed,passed,passed,OpenVINO 2026.2
Object Detection,person-reidentification-retail-0277,onnx,FP32,OpenVINO,passed,passed,passed,OpenVINO 2026.2
Object Detection,person-reidentification-retail-0277,onnx,FP16,OpenVINO,passed,passed,passed,OpenVINO 2026.2
Object Detection,person-reidentification-retail-0286,onnx,FP32,OpenVINO,passed,passed,passed,OpenVINO 2026.2
Object Detection,person-reidentification-retail-0286,onnx,FP16,OpenVINO,passed,passed,passed,OpenVINO 2026.2
Object Detection,person-reidentification-retail-0287,onnx,FP32,OpenVINO,passed,passed,passed,OpenVINO 2026.2
Object Detection,person-reidentification-retail-0287,onnx,FP16,OpenVINO,passed,passed,passed,OpenVINO 2026.2
Object Detection,person-reidentification-retail-0287,onnx,FP16-INT8,OpenVINO,passed,passed,passed,OpenVINO 2026.2
Object Detection,person-reidentification-retail-0288,onnx,FP32,OpenVINO,passed,passed,passed,OpenVINO 2026.2
Object Detection,person-reidentification-retail-0288,onnx,FP16,OpenVINO,passed,passed,passed,OpenVINO 2026.2
Object Detection,person-vehicle-bike-detection-2000,onnx,FP16,OpenVINO,passed,passed,,OpenVINO 2026.2
Object Detection,person-vehicle-bike-detection-2000,onnx,FP32,OpenVINO,passed,passed,,OpenVINO 2026.2
Object Detection,person-vehicle-bike-detection-2001,onnx,FP16,OpenVINO,passed,passed,,OpenVINO 2026.2
Object Detection,person-vehicle-bike-detection-2001,onnx,FP32,OpenVINO,passed,passed,,OpenVINO 2026.2
Object Detection,person-vehicle-bike-detection-2002,onnx,FP16,OpenVINO,passed,passed,,OpenVINO 2026.2
Object Detection,person-vehicle-bike-detection-2002,onnx,FP32,OpenVINO,passed,passed,,OpenVINO 2026.2
Object Detection,person-vehicle-bike-detection-2003,onnx,FP16,OpenVINO,passed,,,OpenVINO 2026.2
Object Detection,person-vehicle-bike-detection-2003,onnx,FP16-INT8,OpenVINO,passed,passed,,OpenVINO 2026.2
Object Detection,person-vehicle-bike-detection-2003,onnx,FP32,OpenVINO,passed,passed,,OpenVINO 2026.2
Object Detection,person-vehicle-bike-detection-2004,onnx,FP16,OpenVINO,passed,passed,,OpenVINO 2026.2
Object Detection,person-vehicle-bike-detection-2004,onnx,FP32,OpenVINO,passed,passed,,OpenVINO 2026.2
Object Detection,person-vehicle-bike-detection-crossroad-1016,onnx,FP16,OpenVINO,passed,passed,,OpenVINO 2026.2
Object Detection,person-vehicle-bike-detection-crossroad-1016,onnx,FP32,OpenVINO,passed,passed,,OpenVINO 2026.2
Large Language Model,phi-2,pytorch,INT8-CW,OpenVINO,,passed,,OpenVINO 2026.2
Large Language Model,phi-2,pytorch,INT4-MIXED,OpenVINO,,passed,,OpenVINO 2026.2
Large Language Model,phi-2,pytorch,FP16,OpenVINO,,passed,,OpenVINO 2026.2
Large Language Model,phi-2,pytorch,INT4,Optimum Intel,passed,passed,,OpenVINO 2026.2
Large Language Model,phi-3.5-mini-instruct,pytorch,INT8-CW,OpenVINO,,passed,,OpenVINO 2026.2
Large Language Model,phi-3.5-mini-instruct,pytorch,INT4-MIXED,OpenVINO,,passed,passed,OpenVINO 2026.2
Large Language Model,phi-3.5-mini-instruct,pytorch,FP16,OpenVINO,,passed,,OpenVINO 2026.2
Large Language Model,phi-3.5-moe-instruct,pytorch,INT4-MIXED,OpenVINO,,passed,,OpenVINO 2026.2
Multimodal Large Language Model,phi-3.5-vision-instruct,pytorch,INT8-CW,OpenVINO,,passed,,OpenVINO 2026.2
Multimodal Large Language Model,phi-3.5-vision-instruct,pytorch,INT4-MIXED,OpenVINO,,passed,,OpenVINO 2026.2
Multimodal Large Language Model,phi-3.5-vision-instruct,pytorch,FP16,OpenVINO,,passed,,OpenVINO 2026.2
Large Language Model,phi-3-medium-4k-instruct,pytorch,FP16,OpenVINO,passed,,,OpenVINO 2026.2
Large Language Model,phi-3-medium-4k-instruct,pytorch,INT4-MIXED,OpenVINO,passed,passed,,OpenVINO 2026.2
Large Language Model,phi-3-medium-4k-instruct,pytorch,INT8-CW,OpenVINO,passed,passed,,OpenVINO 2026.2
Large Language Model,Phi-3-medium-4k-instruct,pytorch,INT4,Optimum Intel,passed,passed,,OpenVINO 2026.2
Large Language Model,phi-3-mini-128k-instruct,pytorch,FP16,OpenVINO,,passed,,OpenVINO 2026.2
Large Language Model,phi-3-mini-128k-instruct,pytorch,INT4-MIXED,OpenVINO,,passed,,OpenVINO 2026.2
Large Language Model,phi-3-mini-128k-instruct,pytorch,INT8-CW,OpenVINO,,passed,,OpenVINO 2026.2
Large Language Model,Phi-3-mini-128k-instruct,pytorch,INT4,Optimum Intel,passed,passed,,OpenVINO 2026.2
Large Language Model,phi-3-mini-4k-instruct,pytorch,INT8-CW,OpenVINO,,passed,,OpenVINO 2026.2
Large Language Model,phi-3-mini-4k-instruct,pytorch,INT4-MIXED,OpenVINO,,passed,passed,OpenVINO 2026.2
Large Language Model,phi-3-mini-4k-instruct,pytorch,FP16,OpenVINO,,passed,,OpenVINO 2026.2
Large Language Model,phi-4,pytorch,INT4-MIXED,OpenVINO,,passed,,OpenVINO 2026.2
Large Language Model,phi-4,pytorch,INT8-CW,OpenVINO,,passed,,OpenVINO 2026.2
Large Language Model,phi-4,pytorch,FP16,OpenVINO,passed,,,OpenVINO 2026.2
Large Language Model,phi-4-mini-instruct,pytorch,FP4-NORMALIZED,OpenVINO,,passed,passed,OpenVINO 2026.2
Large Language Model,phi-4-mini-instruct,pytorch,INT4-MIXED,OpenVINO,,passed,passed,OpenVINO 2026.2
Large Language Model,phi-4-mini-instruct,pytorch,INT8-CW,OpenVINO,,passed,,OpenVINO 2026.2
Large Language Model,phi-4-mini-instruct,pytorch,FP16,OpenVINO,,passed,,OpenVINO 2026.2
Large Language Model,phi-4-mini-reasoning,pytorch,FP16,OpenVINO,,passed,,OpenVINO 2026.2
Large Language Model,phi-4-mini-reasoning,pytorch,FP4-NORMALIZED,OpenVINO,,passed,passed,OpenVINO 2026.2
Large Language Model,phi-4-mini-reasoning,pytorch,INT4-MIXED,OpenVINO,,passed,passed,OpenVINO 2026.2
Large Language Model,phi-4-mini-reasoning,pytorch,INT8-CW,OpenVINO,,passed,,OpenVINO 2026.2
Multimodal Large Language Model,phi-4-multimodal-instruct,pytorch,INT8-CW,OpenVINO,,passed,,OpenVINO 2026.2
Multimodal Large Language Model,phi-4-multimodal-instruct,pytorch,FP16,OpenVINO,,passed,,OpenVINO 2026.2
Multimodal Large Language Model,phi-4-multimodal-instruct,pytorch,INT4-MIXED,OpenVINO,passed,passed,passed,OpenVINO 2026.2
Large Language Model,phi-4-reasoning,pytorch,INT4-MIXED,OpenVINO,,passed,passed,OpenVINO 2026.2
Large Language Model,phi-4-reasoning,pytorch,INT8-CW,OpenVINO,,passed,,OpenVINO 2026.2
Large Language Model,phi-4-reasoning,pytorch,FP16,OpenVINO,passed,,,OpenVINO 2026.2
Image Classification,phlippe_densenet,pytorch,FP32,torch.compile,passed,passed,passed,OpenVINO 2026.2
Image Classification,phlippe_resnet,pytorch,FP32,torch.compile,passed,passed,passed,OpenVINO 2026.2
Natural Language Processing,phobert-base,pytorch,FP32,torch.compile,passed,passed,passed,OpenVINO 2026.2
Image Classification,pit_s_224,pytorch,FP32,torch.compile,passed,passed,passed,OpenVINO 2026.2
Vision Language Model,pix2struct-base,pytorch,intel-optimum default,Optimum Intel,passed,passed,,OpenVINO 2026.2
Image Segmentation,pointrend-resnet50-fpn-pytorch,onnx,FP16,OpenVINO,passed,,,OpenVINO 2026.2
Image Segmentation,pointrend-resnet50-fpn-pytorch,onnx,FP16-INT8,OpenVINO,passed,,,OpenVINO 2026.2
Image Segmentation,pointrend-resnet50-fpn-pytorch,onnx,FP32,OpenVINO,passed,,,OpenVINO 2026.2
Natural Language Processing,Polish_RoBERTa_large_OPI,pytorch,intel-optimum default,Optimum Intel,passed,passed,,OpenVINO 2026.2
Image Classification,poolformer_s24,pytorch,FP32,torch.compile,passed,passed,passed,OpenVINO 2026.2
Object Detection,pp-ocr-det,paddle,INT8,OpenVINO,passed,passed,passed,OpenVINO 2026.2
Object Detection,pp-ocr-det,paddle,FP16,OpenVINO,passed,passed,passed,OpenVINO 2026.2
Object Detection,pp-ocr-det,paddle,FP32,OpenVINO,passed,passed,passed,OpenVINO 2026.2
Object Detection,pp-ocr-rec,paddle,FP16,OpenVINO,passed,passed,passed,OpenVINO 2026.2
Object Detection,pp-ocr-rec,paddle,FP32,OpenVINO,passed,passed,passed,OpenVINO 2026.2
Object Detection,pp-ocr-rec,paddle,INT8,OpenVINO,passed,passed,,OpenVINO 2026.2
Object Detection,pp-yolo,paddle,FP16,OpenVINO,passed,passed,,OpenVINO 2026.2
Object Detection,pp-yolo,paddle,FP32,OpenVINO,passed,passed,,OpenVINO 2026.2
Object Detection,pp-yolo,paddle,INT8,OpenVINO,passed,,,OpenVINO 2026.2
Object Detection,prnet,tf,FP32,OpenVINO,passed,passed,,OpenVINO 2026.2
Object Detection,prnet,tf,FP16,OpenVINO,passed,passed,,OpenVINO 2026.2
Object Detection,prnet,tf,FP16-INT8,OpenVINO,passed,passed,,OpenVINO 2026.2
Object Detection,product-detection-0001,onnx,FP32,OpenVINO,passed,passed,passed,OpenVINO 2026.2
Object Detection,product-detection-0001,onnx,FP16,OpenVINO,passed,passed,passed,OpenVINO 2026.2
Object Detection,product-detection-0001,onnx,FP16-INT8,OpenVINO,passed,passed,passed,OpenVINO 2026.2
Natural Language Processing,prot_bert,pytorch,FP32,torch.compile,passed,passed,passed,OpenVINO 2026.2
Semantic Segmentation,pspnet-pytorch,onnx,FP32,OpenVINO,passed,passed,passed,OpenVINO 2026.2
Semantic Segmentation,pspnet-pytorch,onnx,FP16,OpenVINO,passed,passed,passed,OpenVINO 2026.2
Semantic Segmentation,pspnet-pytorch,onnx,FP16-INT8,OpenVINO,passed,passed,passed,OpenVINO 2026.2
Natural Language Processing,PubChem10M_SMILES_BPE_396_250,pytorch,FP32,torch.compile,passed,passed,passed,OpenVINO 2026.2
Image Classification,pvt_v2_b3,pytorch,FP32,torch.compile,passed,passed,passed,OpenVINO 2026.2
Ocean Simulator,pyhpc_equation_of_state,pytorch,FP32,torch.compile,passed,passed,passed,OpenVINO 2026.2
Ocean Simulator,pyhpc_turbulent_kinetic_energy,pytorch,FP32,torch.compile,passed,passed,passed,OpenVINO 2026.2
Large Language Model,pythia-1.4b,pytorch,INT4,Optimum Intel,passed,passed,,OpenVINO 2026.2
Large Language Model,pythia-12b,pytorch,FP16,OpenVINO,passed,,,OpenVINO 2026.2
Large Language Model,pythia-12b,pytorch,INT4-MIXED,OpenVINO,passed,,,OpenVINO 2026.2
Large Language Model,pythia-12b,pytorch,INT8-CW,OpenVINO,passed,,,OpenVINO 2026.2
Large Language Model,pythia-12b,pytorch,INT4,Optimum Intel,passed,passed,,OpenVINO 2026.2
Large Language Model,pythia-14m,pytorch,INT4,Optimum Intel,passed,passed,,OpenVINO 2026.2
Large Language Model,pythia-160m,pytorch,INT4,Optimum Intel,passed,passed,,OpenVINO 2026.2
Large Language Model,pythia-1b,pytorch,INT4,Optimum Intel,passed,passed,,OpenVINO 2026.2
Large Language Model,pythia-2.8b,pytorch,INT4,Optimum Intel,passed,passed,,OpenVINO 2026.2
Large Language Model,pythia-410m,pytorch,INT4,Optimum Intel,passed,passed,,OpenVINO 2026.2
Large Language Model,pythia-6.9b,pytorch,INT4,Optimum Intel,passed,passed,,OpenVINO 2026.2
Large Language Model,pythia-70m,pytorch,INT4,Optimum Intel,passed,passed,,OpenVINO 2026.2
Large Language Model,Pythia-Chat-Base-7B,pytorch,INT4,Optimum Intel,passed,passed,,OpenVINO 2026.2
Image to Image,pytorch_CycleGAN_and_pix2pix,pytorch,FP32,torch.compile,passed,passed,passed,OpenVINO 2026.2
Image to Image,pytorch_stargan,pytorch,FP32,torch.compile,passed,passed,passed,OpenVINO 2026.2
Speech Recognition,quartznet-15x5-en,onnx,FP32,OpenVINO,passed,,passed,OpenVINO 2026.2
Speech Recognition,quartznet-15x5-en,onnx,FP16,OpenVINO,passed,,,OpenVINO 2026.2
Speech Recognition,quartznet-15x5-en,onnx,FP16-INT8,OpenVINO,passed,,,OpenVINO 2026.2
Large Language Model,Qwen1.5-0.5B,pytorch,INT4,Optimum Intel,passed,passed,,OpenVINO 2026.2
Large Language Model,Qwen1.5-0.5B-Chat,pytorch,INT4,Optimum Intel,passed,passed,,OpenVINO 2026.2
Large Language Model,Qwen1.5-1.8B,pytorch,INT4,Optimum Intel,passed,passed,,OpenVINO 2026.2
Large Language Model,Qwen1.5-1.8B-Chat,pytorch,INT4,Optimum Intel,passed,passed,,OpenVINO 2026.2
Large Language Model,qwen1.5-14b-chat,pytorch,INT8-CW,OpenVINO,,passed,,OpenVINO 2026.2
Large Language Model,qwen1.5-14b-chat,pytorch,INT4-MIXED,OpenVINO,,passed,,OpenVINO 2026.2
Large Language Model,qwen1.5-14b-chat,pytorch,FP16,OpenVINO,passed,,,OpenVINO 2026.2
Large Language Model,Qwen1.5-4B,pytorch,INT4,Optimum Intel,passed,passed,,OpenVINO 2026.2
Large Language Model,Qwen1.5-4B-Chat,pytorch,INT4,Optimum Intel,passed,passed,,OpenVINO 2026.2
Large Language Model,Qwen1.5-7B,pytorch,INT4,Optimum Intel,passed,passed,,OpenVINO 2026.2
Large Language Model,Qwen1.5-7B-Chat,pytorch,INT4,Optimum Intel,passed,passed,,OpenVINO 2026.2
Large Language Model,qwen2.5-1.5b-instruct,pytorch,FP16,OpenVINO,,passed,,OpenVINO 2026.2
Large Language Model,qwen2.5-1.5b-instruct,pytorch,FP4-NORMALIZED,OpenVINO,,passed,passed,OpenVINO 2026.2
Large Language Model,qwen2.5-1.5b-instruct,pytorch,INT4-MIXED,OpenVINO,,passed,passed,OpenVINO 2026.2
Large Language Model,qwen2.5-1.5b-instruct,pytorch,INT8-CW,OpenVINO,,passed,,OpenVINO 2026.2
Large Language Model,qwen2.5-3b-instruct-gptq,pytorch,INT4-MIXED,OpenVINO,passed,passed,passed,OpenVINO 2026.2
Large Language Model,qwen2.5-7b-instruct,pytorch,FP16,OpenVINO,,passed,,OpenVINO 2026.2
Large Language Model,qwen2.5-7b-instruct,pytorch,FP4-NORMALIZED,OpenVINO,,passed,passed,OpenVINO 2026.2
Large Language Model,qwen2.5-7b-instruct,pytorch,INT4-MIXED,OpenVINO,,passed,passed,OpenVINO 2026.2
Large Language Model,qwen2.5-7b-instruct,pytorch,INT8-CW,OpenVINO,,passed,,OpenVINO 2026.2
Large Language Model,qwen2.5-7b-instruct-1m,pytorch,INT4-MIXED,OpenVINO,,passed,passed,OpenVINO 2026.2
Large Language Model,qwen2.5-7b-instruct-1m,pytorch,INT8-CW,OpenVINO,,passed,,OpenVINO 2026.2
Large Language Model,qwen2.5-7b-instruct-1m,pytorch,FP16,OpenVINO,,passed,,OpenVINO 2026.2
Large Language Model,qwen2.5-coder-0.5b-instruct,pytorch,FP16,OpenVINO,,passed,,OpenVINO 2026.2
Large Language Model,qwen2.5-coder-0.5b-instruct,pytorch,INT4-MIXED,OpenVINO,,passed,passed,OpenVINO 2026.2
Large Language Model,qwen2.5-coder-0.5b-instruct,pytorch,INT8-CW,OpenVINO,,passed,,OpenVINO 2026.2
Large Language Model,qwen2.5-coder-1.5b-instruct,pytorch,INT8-CW,OpenVINO,,passed,,OpenVINO 2026.2
Large Language Model,qwen2.5-coder-1.5b-instruct,pytorch,INT4-MIXED,OpenVINO,,passed,passed,OpenVINO 2026.2
Large Language Model,qwen2.5-coder-1.5b-instruct,pytorch,FP16,OpenVINO,,passed,,OpenVINO 2026.2
Large Language Model,qwen2.5-coder-3b-instruct,pytorch,INT8-CW,OpenVINO,,passed,,OpenVINO 2026.2
Large Language Model,qwen2.5-coder-3b-instruct,pytorch,INT4-MIXED,OpenVINO,,passed,passed,OpenVINO 2026.2
Large Language Model,qwen2.5-coder-3b-instruct,pytorch,FP16,OpenVINO,,passed,,OpenVINO 2026.2
Multimodal Large Language Model,qwen2.5-vl-3b-instruct,pytorch,FP16,OpenVINO,passed,,,OpenVINO 2026.2
Multimodal Large Language Model,qwen2.5-vl-3b-instruct,pytorch,INT4-MIXED,OpenVINO,passed,passed,passed,OpenVINO 2026.2
Multimodal Large Language Model,qwen2.5-vl-3b-instruct,pytorch,INT8-CW,OpenVINO,passed,passed,,OpenVINO 2026.2
Multimodal Large Language Model,qwen2.5-vl-7b-instruct,pytorch,INT4-MIXED,OpenVINO,,passed,passed,OpenVINO 2026.2
Multimodal Large Language Model,qwen2.5-vl-7b-instruct,pytorch,FP4-NORMALIZED,OpenVINO,,passed,passed,OpenVINO 2026.2
Multimodal Large Language Model,qwen2.5-vl-7b-instruct,pytorch,INT8-CW,OpenVINO,,passed,,OpenVINO 2026.2
Multimodal Large Language Model,qwen2.5-vl-7b-instruct,pytorch,FP16,OpenVINO,,passed,,OpenVINO 2026.2
Large Language Model,qwen2-0.5b,pytorch,FP16,OpenVINO,passed,passed,,OpenVINO 2026.2
Large Language Model,qwen2-0.5b,pytorch,BF16,OpenVINO,passed,passed,passed,OpenVINO 2026.2
Large Language Model,qwen2-0.5b,pytorch,INT4-MIXED,OpenVINO,passed,passed,passed,OpenVINO 2026.2
Large Language Model,qwen2-0.5b,pytorch,INT8-CW,OpenVINO,passed,passed,passed,OpenVINO 2026.2
Large Language Model,qwen2-1.5b,pytorch,FP16,OpenVINO,passed,,,OpenVINO 2026.2
Large Language Model,qwen2-1.5b,pytorch,INT4-MIXED,OpenVINO,passed,,passed,OpenVINO 2026.2
Large Language Model,qwen2-1.5b,pytorch,INT8-CW,OpenVINO,passed,,passed,OpenVINO 2026.2
Large Language Model,qwen2-7b-instruct,pytorch,INT8-CW,OpenVINO,,passed,,OpenVINO 2026.2
Large Language Model,qwen2-7b-instruct,pytorch,INT4-MIXED,OpenVINO,,passed,passed,OpenVINO 2026.2
Large Language Model,qwen2-7b-instruct,pytorch,FP4-NORMALIZED,OpenVINO,,passed,passed,OpenVINO 2026.2
Large Language Model,qwen2-7b-instruct,pytorch,FP16,OpenVINO,,passed,,OpenVINO 2026.2
Large Language Model,qwen2-7b-instruct-gptq,pytorch,INT4-MIXED,OpenVINO,passed,passed,passed,OpenVINO 2026.2
Multimodal Large Language Model,qwen2-vl-7b-instruct,pytorch,FP16,OpenVINO,passed,,,OpenVINO 2026.2
Multimodal Large Language Model,qwen2-vl-7b-instruct,pytorch,INT4-MIXED,OpenVINO,passed,passed,passed,OpenVINO 2026.2
Multimodal Large Language Model,qwen2-vl-7b-instruct,pytorch,INT8-CW,OpenVINO,passed,,,OpenVINO 2026.2
Large Language Model,qwen3.5-0.8b,pytorch,FP16,OpenVINO,,passed,,OpenVINO 2026.2
Large Language Model,qwen3.5-0.8b,pytorch,FP4-NORMALIZED,OpenVINO,,passed,,OpenVINO 2026.2
Large Language Model,qwen3.5-0.8b,pytorch,INT4-MIXED,OpenVINO,,passed,,OpenVINO 2026.2
Large Language Model,qwen3.5-0.8b,pytorch,INT8-CW,OpenVINO,,passed,,OpenVINO 2026.2
Large Language Model,qwen3.5-27b,pytorch,INT4-MIXED,OpenVINO,,passed,,OpenVINO 2026.2
Large Language Model,qwen3.5-35b-a3b,pytorch,INT4-MIXED,OpenVINO,,passed,,OpenVINO 2026.2
Large Language Model,qwen3.5-9b,pytorch,INT4-MIXED,OpenVINO,,passed,,OpenVINO 2026.2
Large Language Model,qwen3.5-9b,pytorch,INT8-CW,OpenVINO,,passed,,OpenVINO 2026.2
Large Language Model,qwen3.5-9b,pytorch,FP4-NORMALIZED,OpenVINO,,passed,,OpenVINO 2026.2
Large Language Model,qwen3.5-9b,pytorch,FP16,OpenVINO,,passed,,OpenVINO 2026.2
Large Language Model,qwen3.6-27b,pytorch,INT4-MIXED,OpenVINO,,passed,,OpenVINO 2026.2
Large Language Model,qwen3.6-35b-a3b,pytorch,INT4-MIXED,OpenVINO,,passed,,OpenVINO 2026.2
Large Language Model,qwen3_8b_eagle3,pytorch,INT8-CW,OpenVINO,passed,passed,,OpenVINO 2026.2
Large Language Model,qwen3_8b_eagle3,pytorch,INT4-MIXED,OpenVINO,passed,passed,,OpenVINO 2026.2
Large Language Model,qwen3_8b_eagle3,pytorch,FP16,OpenVINO,passed,passed,,OpenVINO 2026.2
Large Language Model,qwen3-30b-a3b,pytorch,INT4-MIXED,OpenVINO,,passed,,OpenVINO 2026.2
Large Language Model,qwen3-30b-a3b,pytorch,INT8-CW,OpenVINO,passed,,,OpenVINO 2026.2
Large Language Model,qwen3-4b,pytorch,FP16,OpenVINO,passed,passed,,OpenVINO 2026.2
Large Language Model,qwen3-4b,pytorch,INT4-MIXED,OpenVINO,passed,passed,passed,OpenVINO 2026.2
Large Language Model,qwen3-4b,pytorch,INT8-CW,OpenVINO,passed,passed,passed,OpenVINO 2026.2
Large Language Model,qwen3-8b,pytorch,INT8-CW,OpenVINO,passed,passed,,OpenVINO 2026.2
Large Language Model,qwen3-8b,pytorch,INT4-MIXED,OpenVINO,passed,passed,passed,OpenVINO 2026.2
Large Language Model,qwen3-8b,pytorch,FP4-NORMALIZED,OpenVINO,passed,passed,passed,OpenVINO 2026.2
Large Language Model,qwen3-8b,pytorch,FP16,OpenVINO,passed,,,OpenVINO 2026.2
Natural Language Processing,qwen3-embedding-0.6b,pytorch,FP16,OpenVINO,passed,passed,,OpenVINO 2026.2
Natural Language Processing,qwen3-embedding-0.6b,pytorch,INT4-MIXED,OpenVINO,passed,passed,,OpenVINO 2026.2
Natural Language Processing,qwen3-embedding-0.6b,pytorch,INT8-CW,OpenVINO,passed,passed,passed,OpenVINO 2026.2
Natural Language Processing,qwen3-reranker-0.6b,pytorch,INT8-CW,OpenVINO,passed,passed,,OpenVINO 2026.2
Natural Language Processing,qwen3-reranker-0.6b,pytorch,INT4-MIXED,OpenVINO,passed,passed,,OpenVINO 2026.2
Natural Language Processing,qwen3-reranker-0.6b,pytorch,FP16,OpenVINO,passed,passed,,OpenVINO 2026.2
Natural Language Processing,qwen3-reranker-0.6b-seq-cls,pytorch,INT8-CW,OpenVINO,passed,passed,,OpenVINO 2026.2
Natural Language Processing,qwen3-reranker-0.6b-seq-cls,pytorch,INT4-MIXED,OpenVINO,passed,passed,,OpenVINO 2026.2
Natural Language Processing,qwen3-reranker-0.6b-seq-cls,pytorch,FP16,OpenVINO,passed,passed,,OpenVINO 2026.2
Multimodal Large Language Model,qwen3-vl-4b-instruct,pytorch,INT8-CW,OpenVINO,passed,passed,,OpenVINO 2026.2
Multimodal Large Language Model,qwen3-vl-4b-instruct,pytorch,INT4-MIXED,OpenVINO,passed,passed,,OpenVINO 2026.2
Multimodal Large Language Model,qwen3-vl-4b-instruct,pytorch,FP16,OpenVINO,passed,passed,,OpenVINO 2026.2
Large Language Model,qwen-7b-chat,pytorch,FP4-NORMALIZED,OpenVINO,,,passed,OpenVINO 2026.2
Large Language Model,qwen-7b-chat,pytorch,FP16,OpenVINO,passed,,,OpenVINO 2026.2
Large Language Model,qwen-7b-chat,pytorch,INT8-CW,OpenVINO,passed,,,OpenVINO 2026.2
Large Language Model,qwen-7b-chat,pytorch,INT4-MIXED,OpenVINO,passed,,passed,OpenVINO 2026.2
Video Classification,r2plus1d_18,pytorch,FP32,torch.compile,passed,passed,passed,OpenVINO 2026.2
Video Classification,r3d_18,pytorch,FP32,torch.compile,passed,passed,passed,OpenVINO 2026.2
Movement Prediction,raft_large,pytorch,FP32,torch.compile,passed,passed,passed,OpenVINO 2026.2
Movement Prediction,raft_small,pytorch,FP32,torch.compile,passed,passed,passed,OpenVINO 2026.2
"Image Processing, Enhancement ",rcan,onnx,FP32,OpenVINO,passed,passed,,OpenVINO 2026.2
"Image Processing, Enhancement ",rcan,onnx,FP16,OpenVINO,passed,passed,,OpenVINO 2026.2
"Image Processing, Enhancement ",rcan,onnx,FP16-INT8,OpenVINO,passed,passed,,OpenVINO 2026.2
Large Language Model,RedPajama-INCITE-7B-Base,pytorch,INT4,Optimum Intel,passed,passed,,OpenVINO 2026.2
Large Language Model,RedPajama-INCITE-7B-Chat,pytorch,INT4,Optimum Intel,passed,passed,,OpenVINO 2026.2
Large Language Model,RedPajama-INCITE-7B-Instruct,pytorch,INT4,Optimum Intel,passed,passed,,OpenVINO 2026.2
Large Language Model,RedPajama-INCITE-Chat-3B-v1,pytorch,INT4,Optimum Intel,passed,passed,,OpenVINO 2026.2
Image Classification,regnet,pytorch,FP32,torch.compile,passed,passed,passed,OpenVINO 2026.2
Image Classification,regnet_x_400mf,pytorch,FP32,torch.compile,passed,passed,passed,OpenVINO 2026.2
Image Classification,regnet_x_800mf,pytorch,FP32,torch.compile,passed,passed,passed,OpenVINO 2026.2
Image Classification,regnet_x_8gf,pytorch,FP32,torch.compile,passed,passed,passed,OpenVINO 2026.2
Image Classification,regnet_y_128gf,pytorch,FP32,torch.compile,passed,passed,passed,OpenVINO 2026.2
Image Classification,regnet_y_400mf,pytorch,FP32,torch.compile,passed,passed,passed,OpenVINO 2026.2
Image Classification,regnet_y_800mf,pytorch,FP32,torch.compile,passed,passed,passed,OpenVINO 2026.2
Image Classification,regnet_y_8gf,pytorch,FP32,torch.compile,passed,passed,passed,OpenVINO 2026.2
Image Classification,regnetv_040,pytorch,FP32,torch.compile,passed,passed,passed,OpenVINO 2026.2
Image Classification,regnetx_032,pytorch,FP32,torch.compile,passed,passed,passed,OpenVINO 2026.2
Image Classification,RegNetX_32GF_dds_8gpu,pytorch,FP32,torch.compile,passed,passed,passed,OpenVINO 2026.2
Image Classification,regnetx-3.2gf,onnx,FP16-INT8,OpenVINO,,,passed,OpenVINO 2026.2
Image Classification,regnetx-3.2gf,onnx,FP16,OpenVINO,passed,passed,,OpenVINO 2026.2
Image Classification,regnetx-3.2gf,onnx,FP32,OpenVINO,passed,passed,,OpenVINO 2026.2
Image Classification,regnetx-32gf,pytorch,FP32,OpenVINO,passed,passed,,OpenVINO 2026.2
Image Classification,regnetx-32gf,pytorch,FP32-INT8,OpenVINO,passed,passed,passed,OpenVINO 2026.2
Image Classification,regnety_080,pytorch,FP32,torch.compile,passed,passed,passed,OpenVINO 2026.2
Image Classification,regnetz_b16,pytorch,FP32,torch.compile,passed,passed,passed,OpenVINO 2026.2
Image Classification,repvgg_b3,pytorch,FP32,torch.compile,passed,passed,passed,OpenVINO 2026.2
Image Classification,repvgg_b3.rvgg_in1k,pytorch,FP32,torch.compile,passed,passed,passed,OpenVINO 2026.2
Image Classification,repvgg-a0,onnx,FP32,OpenVINO,passed,,passed,OpenVINO 2026.2
Image Classification,repvgg-a0,onnx,FP16,OpenVINO,,,passed,OpenVINO 2026.2
Image Classification,repvgg-b1,onnx,FP32,OpenVINO,,,passed,OpenVINO 2026.2
Image Classification,repvgg-b1,onnx,FP16,OpenVINO,,,passed,OpenVINO 2026.2
Image Classification,repvgg-b3,pytorch,FP32,OpenVINO,passed,passed,,OpenVINO 2026.2
Image Classification,repvgg-b3,onnx,FP16,OpenVINO,,,passed,OpenVINO 2026.2
Image Classification,repvgg-b3,onnx,FP16-INT8,OpenVINO,,,passed,OpenVINO 2026.2
Image Classification,repvgg-b3,onnx,FP32,OpenVINO,passed,passed,,OpenVINO 2026.2
Image Classification,repvgg-b3,pytorch,FP32-INT8,OpenVINO,passed,passed,passed,OpenVINO 2026.2
Image Classification,res2net50_26w_4s,pytorch,FP32,torch.compile,passed,passed,passed,OpenVINO 2026.2
Image Classification,res2next50,pytorch,FP32,torch.compile,passed,passed,passed,OpenVINO 2026.2
Image Classification,resmlp_12_224.fb_distilled_in1k,pytorch,FP32,torch.compile,passed,passed,passed,OpenVINO 2026.2
Image Classification,resmlp_12_distilled_224,pytorch,FP32,torch.compile,passed,passed,passed,OpenVINO 2026.2
Image Classification,resmlp-12-distilled-224,onnx,FP32,OpenVINO,,,passed,OpenVINO 2026.2
Image Classification,resmlp-12-distilled-224,pytorch,FP32,OpenVINO,passed,passed,,OpenVINO 2026.2
Image Classification,resmlp-12-distilled-224,onnx,FP16,OpenVINO,,,passed,OpenVINO 2026.2
Image Classification,resmlp-12-distilled-224,onnx,FP16-INT8,OpenVINO,,,passed,OpenVINO 2026.2
Image Classification,resmlp-12-distilled-224,pytorch,FP32-INT8,OpenVINO,passed,passed,passed,OpenVINO 2026.2
Image Classification,resnest,pytorch,FP32,torch.compile,passed,passed,passed,OpenVINO 2026.2
Image Classification,resnest200e,pytorch,FP32,torch.compile,passed,passed,passed,OpenVINO 2026.2
Image Classification,resnest50d_4s2x40d,pytorch,FP32,torch.compile,passed,passed,passed,OpenVINO 2026.2
Image Classification,resnest-50-pytorch,onnx,FP32,OpenVINO,,,passed,OpenVINO 2026.2
Image Classification,resnest-50-pytorch,onnx,FP16,OpenVINO,,,passed,OpenVINO 2026.2
Image Classification,resnest-50-pytorch,onnx,FP16-INT8,OpenVINO,,,passed,OpenVINO 2026.2
Image Classification,resnet101,pytorch,FP32,torch.compile,passed,passed,passed,OpenVINO 2026.2
Image Classification,resnet-101,onnx,FP32,OpenVINO,,,passed,OpenVINO 2026.2
Image Classification,resnet-101,tf,FP32,OpenVINO,passed,passed,passed,OpenVINO 2026.2
Image Classification,resnet-101,onnx,FP16,OpenVINO,,,passed,OpenVINO 2026.2
Image Classification,resnet-101,tf,FP16,OpenVINO,passed,passed,passed,OpenVINO 2026.2
Image Classification,resnet152,pytorch,FP32,torch.compile,passed,passed,passed,OpenVINO 2026.2
Image Classification,resnet-152,onnx,FP32,OpenVINO,,,passed,OpenVINO 2026.2
Image Classification,resnet-152,tf,FP32,OpenVINO,passed,passed,passed,OpenVINO 2026.2
Image Classification,resnet-152,tf,FP16,OpenVINO,passed,passed,passed,OpenVINO 2026.2
Image Classification,resnet-152,onnx,FP16,OpenVINO,passed,passed,,OpenVINO 2026.2
Image Classification,resnet18,pytorch,FP32,torch.compile,passed,passed,passed,OpenVINO 2026.2
Image Classification,resnet-18,onnx,FP32,OpenVINO,passed,passed,passed,OpenVINO 2026.2
Image Classification,resnet-18,onnx,FP16,OpenVINO,passed,passed,passed,OpenVINO 2026.2
Image Classification,resnet-18,onnx,FP16-INT8,OpenVINO,passed,passed,passed,OpenVINO 2026.2
Image Classification,resnet-18,pytorch,intel-optimum default,Optimum Intel,passed,passed,,OpenVINO 2026.2
Image Classification,resnet18-xnor-binary-onnx-0001,onnx,FP16-INT1,OpenVINO,passed,,,OpenVINO 2026.2
Image Classification,resnet34,pytorch,FP32,torch.compile,passed,passed,passed,OpenVINO 2026.2
Image Classification,resnet-34-pytorch,onnx,FP32,OpenVINO,,,passed,OpenVINO 2026.2
Image Classification,resnet-34-pytorch,onnx,FP16,OpenVINO,,,passed,OpenVINO 2026.2
Image Classification,resnet50,pytorch,FP32,torch.compile,passed,passed,passed,OpenVINO 2026.2
Image Classification,resnet-50,onnx,FP32,OpenVINO,passed,passed,passed,OpenVINO 2026.2
Image Classification,resnet-50,tf,FP32,OpenVINO,passed,passed,passed,OpenVINO 2026.2
Image Classification,resnet-50,onnx,FP16,OpenVINO,passed,passed,passed,OpenVINO 2026.2
Image Classification,resnet-50,pytorch,FP16,OpenVINO,passed,passed,passed,OpenVINO 2026.2
Image Classification,resnet-50,tf,FP16,OpenVINO,passed,passed,passed,OpenVINO 2026.2
Image Classification,resnet-50,onnx,FP16-INT8,OpenVINO,passed,passed,passed,OpenVINO 2026.2
Image Classification,resnet-50,tf,FP16-INT8,OpenVINO,passed,passed,passed,OpenVINO 2026.2
Image Classification,resnet-50,paddle,INT8,OpenVINO,passed,passed,passed,OpenVINO 2026.2
Image Classification,resnet-50,paddle,FP32,OpenVINO,passed,passed,passed,OpenVINO 2026.2
Image Classification,resnet-50,paddle,FP16,OpenVINO,passed,passed,passed,OpenVINO 2026.2
Image Classification,resnet-50,pytorch,FP16-INT8,OpenVINO,passed,passed,passed,OpenVINO 2026.2
Image Classification,resnet50-binary-0001,onnx,FP16-INT1,OpenVINO,passed,,,OpenVINO 2026.2
Image Classification,resnet50d,pytorch,FP32,torch.compile,passed,passed,passed,OpenVINO 2026.2
Image Classification,resnet50-int8-onnx-0001,onnx,FP16-INT8,OpenVINO,passed,,passed,OpenVINO 2026.2
Image Classification,resnet-50-pytorch,onnx,FP32,OpenVINO,passed,passed,passed,OpenVINO 2026.2
Image Classification,resnet-50-pytorch,onnx,FP16,OpenVINO,passed,passed,passed,OpenVINO 2026.2
Image Classification,resnet-50-pytorch,onnx,FP16-INT8,OpenVINO,passed,passed,passed,OpenVINO 2026.2
Image Classification,resnet-50-tf,tf,FP32,OpenVINO,,,passed,OpenVINO 2026.2
Image Classification,resnet-50-tf,tf2,FP32,OpenVINO,,,passed,OpenVINO 2026.2
Image Classification,resnet-50-tf,tf,FP16,OpenVINO,,,passed,OpenVINO 2026.2
Image Classification,resnet-50-tf,tf,FP16-INT8,OpenVINO,passed,,passed,OpenVINO 2026.2
Image Classification,resnet-50-tf,tf2,FP16-INT8,OpenVINO,passed,,,OpenVINO 2026.2
Image Classification,resnet-50-tf,tf2,FP16,OpenVINO,passed,passed,,OpenVINO 2025.3
Image Classification,resnetaa50,pytorch,FP32,torch.compile,passed,passed,passed,OpenVINO 2025.3
Image Classification,resnetrs200,pytorch,FP32,torch.compile,passed,passed,passed,OpenVINO 2025.3
Image Classification,resnet-v1.5-50,tf,FP16,OpenVINO,passed,passed,passed,OpenVINO 2025.3
Image Classification,resnet-v1.5-50,tf,FP32,OpenVINO,passed,passed,passed,OpenVINO 2025.3
Image Classification,resnet-v1.5-50,tf,INT8,OpenVINO,passed,passed,passed,OpenVINO 2025.3
Image Classification,resnetv2_101x1_bitm,pytorch,FP32,torch.compile,passed,passed,passed,OpenVINO 2025.3
Image Classification,resnext_101_32x8d,pytorch,FP32,torch.compile,passed,passed,passed,OpenVINO 2025.3
Image Classification,resnext101_64x4d,pytorch,FP32,torch.compile,passed,passed,passed,OpenVINO 2025.3
Image Classification,resnext101-32x16d-swsl,onnx,FP32,OpenVINO,passed,passed,passed,OpenVINO 2025.3
Image Classification,resnext101-32x16d-swsl,onnx,FP16,OpenVINO,passed,passed,passed,OpenVINO 2025.3
Image Classification,resnext101-32x16d-swsl,onnx,FP16-INT8,OpenVINO,passed,passed,passed,OpenVINO 2025.3
Image Classification,resnext-101-32x8d,onnx,FP32,OpenVINO,passed,passed,passed,OpenVINO 2025.3
Image Classification,resnext-101-32x8d,pytorch,FP32,OpenVINO,passed,passed,,OpenVINO 2025.3
Image Classification,resnext-101-32x8d,onnx,FP16,OpenVINO,passed,passed,passed,OpenVINO 2025.3
Image Classification,resnext-101-32x8d,pytorch,FP32-INT8,OpenVINO,passed,,passed,OpenVINO 2025.3
Image Classification,resnext50_32x4d,pytorch,FP32,torch.compile,passed,passed,passed,OpenVINO 2025.3
Image Classification,resnext-50-32x4d,onnx,FP32,OpenVINO,,,passed,OpenVINO 2025.3
Image Classification,resnext-50-32x4d,onnx,FP16,OpenVINO,,,passed,OpenVINO 2025.3
Image Classification,resnext-50-32x4d,onnx,FP16-INT8,OpenVINO,passed,,passed,OpenVINO 2025.3
Image Classification,retinaface-resnet50,onnx,FP32,OpenVINO,passed,passed,passed,OpenVINO 2025.3
Image Classification,retinaface-resnet50,onnx,FP16,OpenVINO,passed,passed,passed,OpenVINO 2025.3
Image Classification,retinaface-resnet50,onnx,FP16-INT8,OpenVINO,passed,passed,passed,OpenVINO 2025.3
Image Classification,retinanet,tf2,FP32,OpenVINO,passed,passed,passed,OpenVINO 2025.3
Image Classification,retinanet,tf2,FP16,OpenVINO,passed,passed,passed,OpenVINO 2025.3
Image Classification,retinanet,tf,INT8,OpenVINO,passed,passed,,OpenVINO 2025.3
Image Classification,retinanet,tf,FP32,OpenVINO,passed,passed,,OpenVINO 2025.3
Image Classification,retinanet,tf,FP16,OpenVINO,passed,passed,,OpenVINO 2025.3
Image Classification,retinanet_resnet34,onnx,FP32,OpenVINO,passed,passed,,OpenVINO 2025.3
Image Classification,retinanet_resnet34,onnx,FP16,OpenVINO,passed,passed,,OpenVINO 2025.3
Image Classification,retinanet_resnet34,onnx,FP16-INT8,OpenVINO,passed,passed,,OpenVINO 2025.3
Object Detection,retinanet_resnet50_fpn,pytorch,FP32,torch.compile,passed,passed,passed,OpenVINO 2025.3
Object Detection,retinanet_resnet50_fpn_v2,pytorch,FP32,torch.compile,passed,passed,passed,OpenVINO 2025.3
Image Classification,rexnet_130,pytorch,FP32,torch.compile,passed,passed,passed,OpenVINO 2025.3
Image Classification,rexnet-v1-x1.0,onnx,FP32,OpenVINO,passed,,passed,OpenVINO 2025.3
Image Classification,rexnet-v1-x1.0,onnx,FP16,OpenVINO,passed,,,OpenVINO 2025.3
Image Classification,rexnet-v1-x1.0,onnx,FP16-INT8,OpenVINO,passed,,passed,OpenVINO 2025.3
Image Classification,rfcn-resnet101-coco,tf,FP16,OpenVINO,passed,passed,,OpenVINO 2025.3
Image Classification,rfcn-resnet101-coco,tf,FP16-INT8,OpenVINO,passed,passed,,OpenVINO 2025.3
Speech Recognition,rnnt,onnx,FP32,OpenVINO,passed,passed,,OpenVINO 2025.3
Speech Recognition,rnnt,onnx,FP16,OpenVINO,passed,passed,,OpenVINO 2025.3
Audio,rnnt_encoder,onnx,FP32,OpenVINO,passed,passed,passed,OpenVINO 2025.3
Audio,rnnt_encoder,onnx,FP16,OpenVINO,passed,passed,passed,OpenVINO 2025.3
Audio,rnnt_joint,onnx,FP16,OpenVINO,passed,passed,passed,OpenVINO 2025.3
Audio,rnnt_joint,onnx,FP32,OpenVINO,passed,,passed,OpenVINO 2025.3
Audio,rnnt_prediction,onnx,FP16,OpenVINO,passed,passed,,OpenVINO 2025.3
Audio,rnnt_prediction,onnx,FP32,OpenVINO,passed,passed,,OpenVINO 2025.3
Natural Language Processing,roberta-base,onnx,FP32,OpenVINO,passed,passed,passed,OpenVINO 2025.3
Natural Language Processing,roberta-base,onnx,FP16,OpenVINO,passed,passed,passed,OpenVINO 2025.3
Natural Language Processing,roberta-base,onnx,FP16-INT8,OpenVINO,passed,passed,passed,OpenVINO 2025.3
Natural Language Processing,roberta-base,pytorch,FP32,torch.compile,passed,passed,passed,OpenVINO 2025.3
Natural Language Processing,roberta-base,pytorch,intel-optimum default,Optimum Intel,passed,passed,,OpenVINO 2025.3
Natural Language Processing,roberta-base-mrpc,onnx,FP32,OpenVINO,passed,passed,passed,OpenVINO 2025.3
Natural Language Processing,roberta-base-mrpc,onnx,FP16,OpenVINO,passed,passed,passed,OpenVINO 2025.3
Natural Language Processing,roberta-base-mrpc,onnx,FP16-INT8,OpenVINO,passed,passed,passed,OpenVINO 2025.3
Natural Language Processing,roberta-base-MRPC,pytorch,FP32,torch.compile,passed,passed,passed,OpenVINO 2025.3
Large Language Model,roberta-base-squad2,pytorch,intel-optimum default,Optimum Intel,passed,passed,,OpenVINO 2025.3
Natural Language Processing,roberta-large,onnx,FP32,OpenVINO,passed,passed,passed,OpenVINO 2025.3
Natural Language Processing,roberta-large,onnx,FP16,OpenVINO,passed,passed,passed,OpenVINO 2025.3
Natural Language Processing,roberta-large,onnx,FP16-INT8,OpenVINO,passed,passed,passed,OpenVINO 2025.3
Natural Language Processing,roberta-large,pytorch,FP32-INT8,OpenVINO,passed,,,OpenVINO 2025.3
Natural Language Processing,roberta-large,pytorch,FP32,torch.compile,passed,passed,passed,OpenVINO 2025.3
Natural Language Processing,roberta-large,pytorch,intel-optimum default,Optimum Intel,passed,passed,,OpenVINO 2025.3
Natural Language Processing,roberta-large-mnli,pytorch,intel-optimum default,Optimum Intel,passed,passed,,OpenVINO 2025.3
Natural Language Processing,roberta-large-ner-english,pytorch,intel-optimum default,Optimum Intel,passed,passed,,OpenVINO 2025.3
Large Language Model,roberta-large-squadv2,pytorch,intel-optimum default,Optimum Intel,passed,passed,,OpenVINO 2025.3
"Image Processing, Enhancement ",robust-video-matting-mobilenetv3,onnx,FP32,OpenVINO,,,passed,OpenVINO 2025.3
"Image Processing, Enhancement ",robust-video-matting-mobilenetv3,onnx,FP16,OpenVINO,,,passed,OpenVINO 2025.3
Natural Language Processing,roformer_chinese_base,pytorch,FP32,torch.compile,passed,passed,passed,OpenVINO 2025.3
Natural Language Processing,roformer_small_generator,pytorch,intel-optimum default,Optimum Intel,passed,passed,,OpenVINO 2025.3
Video Classification,s3d,pytorch,FP32,torch.compile,passed,passed,passed,OpenVINO 2025.3
Natural Language Processing,sbert-base-mean-tokens,onnx,FP32,OpenVINO,passed,passed,,OpenVINO 2025.3
Natural Language Processing,sbert-base-mean-tokens,onnx,FP16,OpenVINO,passed,passed,,OpenVINO 2025.3
Natural Language Processing,sbert-base-mean-tokens,onnx,FP16-INT8,OpenVINO,passed,passed,,OpenVINO 2025.3
Image Generation,sd-turbo,pytorch,FP16,OpenVINO,,passed,,OpenVINO 2025.3
Image Generation,sd-turbo,pytorch,INT8-CW,OpenVINO,,passed,,OpenVINO 2025.3
Image Generation,sd-turbo,pytorch,INT8-HYBRID,OpenVINO,,passed,,OpenVINO 2025.3
Image Classification,sebotnet33ts_256,pytorch,FP32,torch.compile,passed,passed,passed,OpenVINO 2025.3
Image Classification,sehalonet33ts,pytorch,FP32,torch.compile,passed,passed,passed,OpenVINO 2025.3
Image Classification,selecsls42b,pytorch,FP32,torch.compile,passed,passed,passed,OpenVINO 2025.3
Image Classification,semnasnet_075.rmsp_in1k,pytorch,FP32,torch.compile,passed,passed,passed,OpenVINO 2025.3
Image Classification,sequencer2d_m,pytorch,FP32,torch.compile,passed,passed,passed,OpenVINO 2025.3
Image Classification,seresnet50,pytorch,FP32,torch.compile,passed,passed,passed,OpenVINO 2025.3
Image Classification,se-resnext-101,tf,FP32,OpenVINO,passed,passed,passed,OpenVINO 2025.3
Image Classification,se-resnext-101,tf,FP16,OpenVINO,passed,passed,passed,OpenVINO 2025.3
Image Classification,se-resnext-101,tf,FP16-INT8,OpenVINO,passed,passed,passed,OpenVINO 2025.3
Image Classification,se-resnext-50,onnx,FP32,OpenVINO,passed,passed,passed,OpenVINO 2025.3
Image Classification,se-resnext-50,tf,FP32,OpenVINO,passed,passed,passed,OpenVINO 2025.3
Image Classification,se-resnext-50,onnx,FP16,OpenVINO,passed,passed,passed,OpenVINO 2025.3
Image Classification,se-resnext-50,tf,FP16,OpenVINO,passed,passed,passed,OpenVINO 2025.3
Image Classification,se-resnext-50,onnx,FP16-INT8,OpenVINO,passed,passed,passed,OpenVINO 2025.3
Image Classification,seresnext50_32x4d,pytorch,FP32,torch.compile,passed,passed,passed,OpenVINO 2025.3
"Image Processing, Enhancement ",Sharpen-LensBlur,tf,FP32,OpenVINO,passed,passed,passed,OpenVINO 2025.3
"Image Processing, Enhancement ",Sharpen-LensBlur,tf,FP16,OpenVINO,passed,passed,passed,OpenVINO 2025.3
"Image Processing, Enhancement ",Sharpen-LensBlur,tf,FP16-INT8,OpenVINO,passed,passed,passed,OpenVINO 2025.3
"Image Processing, Enhancement ",Sharpen-MotionBlur,tf,FP32,OpenVINO,passed,passed,passed,OpenVINO 2025.3
"Image Processing, Enhancement ",Sharpen-MotionBlur,tf,FP16,OpenVINO,passed,passed,passed,OpenVINO 2025.3
"Image Processing, Enhancement ",Sharpen-MotionBlur,tf,FP16-INT8,OpenVINO,passed,passed,passed,OpenVINO 2025.3
"Image Processing, Enhancement ",Sharpen-Sharpen,tf,FP32,OpenVINO,passed,passed,passed,OpenVINO 2025.3
"Image Processing, Enhancement ",Sharpen-Sharpen,tf,FP16,OpenVINO,passed,passed,passed,OpenVINO 2025.3
"Image Processing, Enhancement ",Sharpen-Sharpen,tf,FP16-INT8,OpenVINO,passed,passed,passed,OpenVINO 2025.3
Image Classification,shufflenet,onnx,FP32,OpenVINO,passed,,passed,OpenVINO 2025.3
Image Classification,shufflenet,onnx,FP16,OpenVINO,passed,,passed,OpenVINO 2025.3
Image Classification,shufflenet,onnx,FP16-INT8,OpenVINO,passed,,passed,OpenVINO 2025.3
Image Classification,shufflenet_v2_x0_5,pytorch,FP32,torch.compile,passed,passed,passed,OpenVINO 2025.3
Image Classification,shufflenet_v2_x1_5,pytorch,FP32,torch.compile,passed,passed,passed,OpenVINO 2025.3
Image Classification,shufflenet_v2_x2_0,pytorch,FP32,torch.compile,passed,passed,passed,OpenVINO 2025.3
Image Classification,shufflenet-v2-x0.5,onnx,FP32,OpenVINO,passed,,passed,OpenVINO 2025.3
Image Classification,shufflenet-v2-x0.5,onnx,FP16,OpenVINO,passed,,passed,OpenVINO 2025.3
Image Classification,shufflenet-v2-x1.0,onnx,FP32,OpenVINO,passed,passed,passed,OpenVINO 2025.3
Image Classification,shufflenet-v2-x1.0,pytorch,FP32,OpenVINO,passed,passed,,OpenVINO 2025.3
Image Classification,shufflenet-v2-x1.0,tf,FP32,OpenVINO,passed,passed,passed,OpenVINO 2025.3
Image Classification,shufflenet-v2-x1.0,onnx,FP16,OpenVINO,passed,passed,passed,OpenVINO 2025.3
Image Classification,shufflenet-v2-x1.0,tf,FP16,OpenVINO,passed,passed,passed,OpenVINO 2025.3
Image Classification,shufflenet-v2-x1.0,onnx,FP16-INT8,OpenVINO,passed,passed,passed,OpenVINO 2025.3
Image Classification,shufflenet-v2-x1.0,tf,FP16-INT8,OpenVINO,passed,passed,passed,OpenVINO 2025.3
Image Classification,shufflenet-v2-x1.0,pytorch,FP32-INT8,OpenVINO,passed,,passed,OpenVINO 2025.3
Image Classification,simmim_swin_transformer,pytorch,FP32,torch.compile,passed,passed,passed,OpenVINO 2025.3
Object Detection,single-human-pose-estimation-0001,onnx,FP32,OpenVINO,passed,passed,passed,OpenVINO 2025.3
Object Detection,single-human-pose-estimation-0001,onnx,FP16,OpenVINO,passed,passed,passed,OpenVINO 2025.3
"Image Processing, Enhancement ",single-image-super-resolution-1032,onnx,FP32,OpenVINO,passed,passed,passed,OpenVINO 2025.3
"Image Processing, Enhancement ",single-image-super-resolution-1032,onnx,FP16,OpenVINO,passed,passed,passed,OpenVINO 2025.3
"Image Processing, Enhancement ",single-image-super-resolution-1033,onnx,FP32,OpenVINO,passed,passed,,OpenVINO 2025.3
"Image Processing, Enhancement ",single-image-super-resolution-1033,onnx,FP16,OpenVINO,passed,passed,,OpenVINO 2025.3
Image Classification,skresnet34,pytorch,FP32,torch.compile,passed,passed,passed,OpenVINO 2025.3
Image Classification,skresnext50_32x4d,pytorch,FP32,torch.compile,passed,passed,passed,OpenVINO 2025.3
Natural Language Processing,small-base,pytorch,FP32,torch.compile,passed,passed,,OpenVINO 2025.3
Object Detection,smartlab-object-detection-0001,onnx,FP32,OpenVINO,passed,passed,passed,OpenVINO 2025.3
Object Detection,smartlab-object-detection-0001,onnx,FP16,OpenVINO,passed,passed,passed,OpenVINO 2025.3
Object Detection,smartlab-object-detection-0002,onnx,FP16,OpenVINO,passed,passed,passed,OpenVINO 2025.3
Object Detection,smartlab-object-detection-0003,onnx,FP32,OpenVINO,passed,passed,passed,OpenVINO 2025.3
Object Detection,smartlab-object-detection-0003,onnx,FP16,OpenVINO,passed,passed,passed,OpenVINO 2025.3
Object Detection,smartlab-object-detection-0004,onnx,FP32,OpenVINO,passed,passed,passed,OpenVINO 2025.3
Object Detection,smartlab-object-detection-0004,onnx,FP16,OpenVINO,passed,passed,passed,OpenVINO 2025.3
Object Detection,smartlab-object-detection-0004,onnx,FP16-INT8,OpenVINO,passed,passed,passed,OpenVINO 2025.3
Speech Recognition,speech_transformer,pytorch,FP32,torch.compile,passed,passed,passed,OpenVINO 2025.3
Natural Language Processing,splinter-base,pytorch,FP32,torch.compile,passed,passed,passed,OpenVINO 2025.3
Image Classification,spnasnet_100.rmsp_in1k,pytorch,FP32,torch.compile,passed,passed,passed,OpenVINO 2025.3
Image Classification,spnasnet-100,onnx,FP32,OpenVINO,passed,,passed,OpenVINO 2025.3
Image Classification,spnasnet-100,pytorch,FP32,OpenVINO,passed,passed,,OpenVINO 2025.3
Image Classification,spnasnet-100,onnx,FP16,OpenVINO,,,passed,OpenVINO 2025.3
Image Classification,spnasnet-100,onnx,FP16-INT8,OpenVINO,passed,,passed,OpenVINO 2025.3
Image Classification,spnasnet-100,pytorch,FP32-INT8,OpenVINO,passed,,passed,OpenVINO 2025.3
Natural Language Processing,squeezebert-uncased,pytorch,FP32,torch.compile,passed,passed,passed,OpenVINO 2025.3
Image Classification,squeezenet1.0,onnx,FP32,OpenVINO,passed,,passed,OpenVINO 2025.3
Image Classification,squeezenet1.0,pytorch,FP32,OpenVINO,passed,passed,,OpenVINO 2025.3
Image Classification,squeezenet1.0,onnx,FP16,OpenVINO,passed,,passed,OpenVINO 2025.3
Image Classification,squeezenet1.0,onnx,FP16-INT8,OpenVINO,passed,,passed,OpenVINO 2025.3
Image Classification,squeezenet1.0,pytorch,FP32-INT8,OpenVINO,passed,,,OpenVINO 2025.3
Image Classification,squeezenet1.1,onnx,FP32,OpenVINO,passed,passed,passed,OpenVINO 2025.3
Image Classification,squeezenet1.1,onnx,FP16,OpenVINO,passed,passed,passed,OpenVINO 2025.3
Image Classification,squeezenet1.1,tf,FP16,OpenVINO,passed,passed,passed,OpenVINO 2025.3
Image Classification,squeezenet1.1,tf,FP32,OpenVINO,passed,passed,passed,OpenVINO 2025.3
Image Classification,squeezenet1.1,tf,INT8,OpenVINO,passed,passed,passed,OpenVINO 2025.3
Image Classification,squeezenet1.1-pytorch1.2.0,onnx,FP32,OpenVINO,passed,,passed,OpenVINO 2025.3
Image Classification,squeezenet1.1-pytorch1.2.0,onnx,FP16,OpenVINO,passed,,passed,OpenVINO 2025.3
Image Classification,squeezenet1.1-pytorch1.2.0,onnx,FP16-INT8,OpenVINO,passed,,passed,OpenVINO 2025.3
Image Classification,squeezenet1_1,pytorch,FP32,torch.compile,passed,passed,passed,OpenVINO 2025.3
"Image Processing, Enhancement ",srgan,onnx,FP32,OpenVINO,passed,passed,passed,OpenVINO 2025.3
"Image Processing, Enhancement ",srgan,tf,FP32,OpenVINO,passed,passed,passed,OpenVINO 2025.3
"Image Processing, Enhancement ",srgan,onnx,FP16,OpenVINO,passed,passed,passed,OpenVINO 2025.3
"Image Processing, Enhancement ",srgan,tf,FP16,OpenVINO,passed,passed,passed,OpenVINO 2025.3
"Image Processing, Enhancement ",srgan,onnx,FP16-INT8,OpenVINO,passed,passed,passed,OpenVINO 2025.3
"Image Processing, Enhancement ",srgan,tf,FP16-INT8,OpenVINO,passed,passed,passed,OpenVINO 2025.3
Object Detection,ssd_mobilenet_v1_coco,tf,FP32,OpenVINO,passed,passed,,OpenVINO 2025.3
Object Detection,ssd_mobilenet_v1_coco,tf,FP16,OpenVINO,passed,passed,,OpenVINO 2025.3
Object Detection,ssd_mobilenet_v1_coco,tf,FP16-INT8,OpenVINO,passed,passed,,OpenVINO 2025.3
Object Detection,ssd_mobilenet_v1_fpn_coco,tf,FP16,OpenVINO,passed,passed,,OpenVINO 2025.3
Image Classification,ssd_mobilenet_v2_coco,tf,FP32,OpenVINO,passed,passed,,OpenVINO 2025.3
Image Classification,ssd_mobilenet_v2_coco,tf,FP16,OpenVINO,passed,passed,,OpenVINO 2025.3
Image Classification,ssd_mobilenet_v2_coco,tf,INT8,OpenVINO,passed,passed,,OpenVINO 2025.3
Image Classification,ssd_mobilenet_v2_coco,tf,FP16-INT8,OpenVINO,passed,passed,,OpenVINO 2025.3
Object Detection,ssd_resnet50_v1_fpn_coco,tf2,FP16,OpenVINO,passed,,,OpenVINO 2025.3
Object Detection,ssd_resnet50_v1_fpn_coco,tf2,FP16-INT8,OpenVINO,passed,passed,,OpenVINO 2025.3
Object Detection,ssd300_vgg16,pytorch,FP32,torch.compile,passed,passed,passed,OpenVINO 2025.3
Object Detection,ssd300-int8-onnx-0001,onnx,FP16-INT8,OpenVINO,passed,passed,passed,OpenVINO 2025.3
Object Detection,ssd300-onnx-0001,onnx,FP32,OpenVINO,passed,passed,passed,OpenVINO 2025.3
Object Detection,ssd300-onnx-0001,onnx,FP16,OpenVINO,passed,passed,passed,OpenVINO 2025.3
Object Detection,ssd300-onnx-0001,onnx,FP16-INT8,OpenVINO,passed,passed,passed,OpenVINO 2025.3
Object Detection,ssdlite_mobilenet_v2,tf,FP32,OpenVINO,passed,passed,,OpenVINO 2025.3
Object Detection,ssdlite_mobilenet_v2,tf,FP16,OpenVINO,passed,passed,,OpenVINO 2025.3
Object Detection,ssdlite_mobilenet_v2,tf,FP16-INT8,OpenVINO,passed,passed,,OpenVINO 2025.3
Object Detection,ssdlite320_mobilenet_v3_large,pytorch,FP32,torch.compile,passed,passed,passed,OpenVINO 2025.3
Object Detection,ssdlite-mobilenet-v3-small-320-coco,paddle,FP16,OpenVINO,passed,passed,,OpenVINO 2025.3
Object Detection,ssdlite-mobilenet-v3-small-320-coco,paddle,FP32,OpenVINO,passed,passed,,OpenVINO 2025.3
Object Detection,ssd-resnet34-1200,onnx,FP32,OpenVINO,passed,passed,passed,OpenVINO 2025.3
Object Detection,ssd-resnet34-1200,onnx,FP16,OpenVINO,passed,passed,passed,OpenVINO 2025.3
Object Detection,ssd-resnet34-1200,onnx,FP16-INT8,OpenVINO,passed,passed,passed,OpenVINO 2025.3
Object Detection,ssd-resnet34-300x300,tf,FP32,OpenVINO,passed,passed,passed,OpenVINO 2025.3
Object Detection,ssd-resnet34-300x300,tf,FP16,OpenVINO,passed,passed,passed,OpenVINO 2025.3
Object Detection,ssd-resnet34-300x300,tf,FP16-INT8,OpenVINO,passed,,passed,OpenVINO 2025.3
Object Detection,ssd-vgg16,onnx,FP32,OpenVINO,passed,passed,passed,OpenVINO 2025.3
Object Detection,ssd-vgg16,onnx,FP16,OpenVINO,passed,passed,passed,OpenVINO 2025.3
Object Detection,ssd-vgg16,onnx,FP16-INT8,OpenVINO,passed,passed,passed,OpenVINO 2025.3
Image Classification,ssl_resnext101_32x8d,pytorch,FP32,torch.compile,passed,passed,passed,OpenVINO 2025.3
Image Generation,stable-diffusion-3.5-large-turbo,pytorch,INT4-MIXED,OpenVINO,passed,passed,,OpenVINO 2025.3
Image Generation,stable-diffusion-3.5-large-turbo,pytorch,INT8-CW,OpenVINO,passed,passed,,OpenVINO 2025.3
Image Generation,stable-diffusion-3.5-large-turbo,pytorch,INT8-HYBRID,OpenVINO,passed,passed,,OpenVINO 2025.3
Image Generation,stable-diffusion-3.5-large-turbo,pytorch,FP16,OpenVINO,passed,,,OpenVINO 2025.3
Image Generation,stable-diffusion-3.5-medium,pytorch,FP16,OpenVINO,passed,passed,,OpenVINO 2025.3
Image Generation,stable-diffusion-3.5-medium,pytorch,INT4-MIXED,OpenVINO,passed,passed,,OpenVINO 2025.3
Image Generation,stable-diffusion-3.5-medium,pytorch,INT8-CW,OpenVINO,passed,passed,,OpenVINO 2025.3
Image Generation,stable-diffusion-3.5-medium,pytorch,INT8-HYBRID,OpenVINO,passed,passed,,OpenVINO 2025.3
Image Generation,stable-diffusion-v1-4-text-encoder,onnx,FP16,OpenVINO,passed,passed,passed,OpenVINO 2025.3
Image Generation,stable-diffusion-v1-4-text-encoder,onnx,FP32,OpenVINO,passed,passed,passed,OpenVINO 2025.3
Image Generation,stable-diffusion-v1-4-unet,onnx,FP16,OpenVINO,passed,passed,,OpenVINO 2025.3
Image Generation,stable-diffusion-v1-4-unet,onnx,FP32,OpenVINO,passed,passed,,OpenVINO 2025.3
Image Generation,stable-diffusion-v1-4-vae-decoder,onnx,FP16,OpenVINO,passed,passed,passed,OpenVINO 2025.3
Image Generation,stable-diffusion-v1-4-vae-decoder,onnx,FP32,OpenVINO,passed,passed,passed,OpenVINO 2025.3
Image Generation,stable-diffusion-v1-4-vae-encoder,onnx,FP32,OpenVINO,passed,passed,passed,OpenVINO 2025.3
Image Generation,stable-diffusion-v1-4-vae-encoder,onnx,FP16,OpenVINO,passed,passed,passed,OpenVINO 2025.3
Image Generation,stable-diffusion-v1-5,pytorch,FP16,OpenVINO,,passed,,OpenVINO 2025.3
Image Generation,stable-diffusion-v1-5,pytorch,FP8-STATIC,OpenVINO,,passed,,OpenVINO 2025.3
Image Generation,stable-diffusion-v1-5,pytorch,INT8-CW,OpenVINO,,passed,passed,OpenVINO 2025.3
Image Generation,stable-diffusion-v1-5,pytorch,INT8-HYBRID,OpenVINO,,passed,,OpenVINO 2025.3
Image Generation,stable-diffusion-v2-1,pytorch,INT8-CW,OpenVINO,,passed,,OpenVINO 2025.3
Image Generation,stable-diffusion-v2-1,pytorch,INT8-HYBRID,OpenVINO,,passed,,OpenVINO 2025.3
Image Generation,stable-diffusion-v2-1,pytorch,FP16,OpenVINO,passed,passed,,OpenVINO 2025.3
Image Generation,stable-diffusion-xl-1.0-inpainting-0.1,pytorch,INT8-CW,OpenVINO,,passed,,OpenVINO 2025.3
Image Generation,stable-diffusion-xl-1.0-inpainting-0.1,pytorch,FP16,OpenVINO,passed,passed,,OpenVINO 2025.3
Large Language Model,stablelm-2-1_6b,pytorch,INT4,Optimum Intel,passed,passed,,OpenVINO 2025.3
Large Language Model,stablelm-2-1_6b-chat,pytorch,INT4,Optimum Intel,passed,passed,,OpenVINO 2025.3
Large Language Model,stablelm-2-12b,pytorch,INT4,Optimum Intel,passed,passed,,OpenVINO 2025.3
Large Language Model,stablelm-2-12b-chat,pytorch,INT4,Optimum Intel,passed,passed,,OpenVINO 2025.3
Large Language Model,stablelm-2-zephyr-1_6b,pytorch,INT4,Optimum Intel,passed,passed,,OpenVINO 2025.3
Large Language Model,stablelm-3b-4e1t,pytorch,INT4-MIXED,OpenVINO,passed,passed,passed,OpenVINO 2025.3
Large Language Model,stablelm-3b-4e1t,pytorch,INT8-CW,OpenVINO,passed,passed,passed,OpenVINO 2025.3
Large Language Model,stablelm-3b-4e1t,pytorch,FP16,OpenVINO,passed,passed,,OpenVINO 2025.3
Large Language Model,stablelm-3b-4e1t,pytorch,INT4,Optimum Intel,passed,passed,,OpenVINO 2025.3
Large Language Model,stablelm-base-alpha-3b,pytorch,INT4,Optimum Intel,passed,passed,,OpenVINO 2025.3
Large Language Model,stablelm-tuned-alpha-7b,pytorch,INT4,Optimum Intel,passed,passed,,OpenVINO 2025.3
Large Language Model,stablelm-zephyr-3b,pytorch,INT4,Optimum Intel,passed,passed,,OpenVINO 2025.3
Large Language Model,stable-zephyr-3b-dpo,pytorch,INT8-CW,OpenVINO,passed,passed,passed,OpenVINO 2025.3
Large Language Model,stable-zephyr-3b-dpo,pytorch,INT4-MIXED,OpenVINO,passed,passed,passed,OpenVINO 2025.3
Large Language Model,stable-zephyr-3b-dpo,pytorch,FP16,OpenVINO,passed,passed,,OpenVINO 2025.3
Object Detection,stacked_hourglass,pytorch,FP32,torch.compile,passed,passed,passed,OpenVINO 2025.3
Large Language Model,starcoder,pytorch,INT4-MIXED,OpenVINO,passed,,,OpenVINO 2025.3
Large Language Model,starcoder,pytorch,INT8-CW,OpenVINO,passed,,,OpenVINO 2025.3
Large Language Model,starcoder,pytorch,FP16,OpenVINO,passed,,,OpenVINO 2025.3
Large Language Model,starcoder2-15b,pytorch,INT8-CW,OpenVINO,passed,passed,,OpenVINO 2025.3
Large Language Model,starcoder2-15b,pytorch,FP16,OpenVINO,passed,,,OpenVINO 2025.3
Large Language Model,starcoder2-15b,pytorch,INT4-MIXED,OpenVINO,passed,passed,,OpenVINO 2025.3
Spatial Transformer Network,STN,tf,FP32,OpenVINO,passed,passed,passed,OpenVINO 2025.3
Spatial Transformer Network,STN,tf,FP16,OpenVINO,passed,passed,passed,OpenVINO 2025.3
Spatial Transformer Network,STN,tf,FP16-INT8,OpenVINO,passed,passed,passed,OpenVINO 2025.3
Image Processing ,style_transfer,onnx,FP32,OpenVINO,passed,passed,passed,OpenVINO 2025.3
Image Processing ,style_transfer,onnx,FP16,OpenVINO,passed,passed,passed,OpenVINO 2025.3
Image Processing ,style_transfer,onnx,FP16-INT8,OpenVINO,passed,passed,passed,OpenVINO 2025.3
Image Processing ,stylegan2,tf,FP32,OpenVINO,passed,passed,passed,OpenVINO 2025.3
Image Processing ,stylegan2,tf,FP16,OpenVINO,passed,passed,passed,OpenVINO 2025.3
Image Processing ,stylegan2,tf,FP16-INT8,OpenVINO,passed,passed,passed,OpenVINO 2025.3
Video Processing ,Super_SloMo,pytorch,FP32,torch.compile,passed,passed,passed,OpenVINO 2025.3
Natural Language Processing,sup-simcse-roberta-base,pytorch,intel-optimum default,Optimum Intel,passed,passed,,OpenVINO 2025.3
Image Classification,swin_b,pytorch,FP32,torch.compile,passed,passed,passed,OpenVINO 2025.3
Image Classification,swin_base_patch4_window7_224,pytorch,FP32,torch.compile,passed,passed,passed,OpenVINO 2025.3
Image Classification,swin_s,pytorch,FP32,torch.compile,passed,passed,passed,OpenVINO 2025.3
Image Classification,swin_t,pytorch,FP32,torch.compile,passed,passed,passed,OpenVINO 2025.3
Image Classification,swin_tiny_patch4_window7_224,pytorch,FP32,torch.compile,passed,passed,passed,OpenVINO 2025.3
Image Classification,swin_tiny_patch4_window7_224.ms_in1k,pytorch,FP32,torch.compile,passed,passed,passed,OpenVINO 2025.3
Image Classification,swin_v2_b,pytorch,FP32,torch.compile,passed,passed,passed,OpenVINO 2025.3
Image Classification,swin_v2_s,pytorch,FP32,torch.compile,passed,passed,passed,OpenVINO 2025.3
Image Classification,swin_v2_t,pytorch,FP32,torch.compile,passed,passed,passed,OpenVINO 2025.3
"Image Processing, Enhancement ",swin2sr-realworld-sr-x4-64-bsrgan-psnr,pytorch,FP16,OpenVINO,passed,passed,,OpenVINO 2025.3
Image Classification,swin3d_b,pytorch,FP32,torch.compile,passed,passed,passed,OpenVINO 2025.3
Image Classification,swin3d_s,pytorch,FP32,torch.compile,passed,passed,passed,OpenVINO 2025.3
Image Classification,swin3d_t,pytorch,FP32,torch.compile,passed,passed,passed,OpenVINO 2025.3
Image Classification,swin-tiny-patch4-window7-224,onnx,FP32,OpenVINO,passed,passed,passed,OpenVINO 2025.3
Image Classification,swin-tiny-patch4-window7-224,pytorch,FP32,OpenVINO,passed,passed,,OpenVINO 2025.3
Image Classification,swin-tiny-patch4-window7-224,onnx,FP16,OpenVINO,passed,passed,passed,OpenVINO 2025.3
Image Classification,swin-tiny-patch4-window7-224,onnx,FP16-INT8,OpenVINO,passed,passed,passed,OpenVINO 2025.3
Image Classification,swinv2_small_window8_256,pytorch,FP32,torch.compile,passed,passed,passed,OpenVINO 2025.3
Image Classification,swsl_resnet50,pytorch,FP32,torch.compile,passed,passed,passed,OpenVINO 2025.3
Image Classification,swsl_resnext101_32x4d,pytorch,FP32,torch.compile,passed,passed,passed,OpenVINO 2025.3
Image Classification,t2t-vit-14,onnx,FP32,OpenVINO,,,passed,OpenVINO 2025.3
Image Classification,t2t-vit-14,onnx,FP16,OpenVINO,,,passed,OpenVINO 2025.3
Image Classification,t2t-vit-14,onnx,FP16-INT8,OpenVINO,,,passed,OpenVINO 2025.3
Image Classification,t2t-vit-7,onnx,FP32,OpenVINO,passed,passed,passed,OpenVINO 2025.3
Image Classification,t2t-vit-7,onnx,FP16,OpenVINO,passed,passed,passed,OpenVINO 2025.3
Image Classification,t2t-vit-7,onnx,FP16-INT8,OpenVINO,passed,passed,passed,OpenVINO 2025.3
Natural Language Processing,t5-base,pytorch,intel-optimum default,Optimum Intel,passed,passed,,OpenVINO 2025.3
Natural Language Processing,t5-small,pytorch,FP16,OpenVINO,passed,passed,,OpenVINO 2025.3
Natural Language Processing,t5-small,pytorch,INT8-CW,OpenVINO,passed,passed,,OpenVINO 2025.3
Natural Language Processing,t5-small,pytorch,INT4-MIXED,OpenVINO,passed,passed,,OpenVINO 2025.3
Natural Language Processing,t5-small,pytorch,FP32,torch.compile,passed,passed,passed,OpenVINO 2025.3
Text to Speech,tacotron_2,onnx,FP32,OpenVINO,passed,passed,,OpenVINO 2025.3
Text to Speech,tacotron_2,onnx,FP16,OpenVINO,passed,,,OpenVINO 2025.3
Text Detection,text-detection-0003,tf,FP32,OpenVINO,passed,passed,,OpenVINO 2025.3
Text Detection,text-detection-0003,tf,FP16,OpenVINO,passed,passed,,OpenVINO 2025.3
Text Detection,text-detection-0004,tf,FP32,OpenVINO,passed,passed,,OpenVINO 2025.3
Text Detection,text-detection-0004,tf,FP16,OpenVINO,passed,passed,,OpenVINO 2025.3
Text Detection,text-detection-0004,tf,FP16-INT8,OpenVINO,passed,passed,,OpenVINO 2025.3
"Image Processing, Enhancement ",text-image-super-resolution-0001,onnx,FP32,OpenVINO,passed,passed,passed,OpenVINO 2025.3
"Image Processing, Enhancement ",text-image-super-resolution-0001,onnx,FP16,OpenVINO,passed,passed,passed,OpenVINO 2025.3
Text Detection,text-recognition-0012,tf,FP32,OpenVINO,passed,passed,passed,OpenVINO 2025.3
Text Detection,text-recognition-0012,tf,FP16,OpenVINO,passed,passed,passed,OpenVINO 2025.3
Text Detection,text-recognition-0012,tf,FP16-INT8,OpenVINO,passed,passed,passed,OpenVINO 2025.3
Text Detection,text-recognition-0013,onnx,FP32,OpenVINO,passed,passed,,OpenVINO 2025.3
Text Detection,text-recognition-0013,onnx,FP16,OpenVINO,passed,passed,,OpenVINO 2025.3
Text Detection,text-recognition-0014,onnx,FP32,OpenVINO,passed,passed,,OpenVINO 2025.3
Text Detection,text-recognition-0014,onnx,FP16,OpenVINO,passed,passed,,OpenVINO 2025.3
Text Detection,text-recognition-0015,onnx,FP32,OpenVINO,passed,,passed,OpenVINO 2025.3
Text Detection,text-recognition-0015,onnx,FP16,OpenVINO,passed,,passed,OpenVINO 2025.3
Text Detection,text-recognition-0016,onnx,FP32,OpenVINO,passed,,passed,OpenVINO 2025.3
Text Detection,text-recognition-0016,onnx,FP16,OpenVINO,passed,,passed,OpenVINO 2025.3
Text Detection,text-recognition-resnet-fc,onnx,FP32,OpenVINO,passed,passed,,OpenVINO 2025.3
Text Detection,text-recognition-resnet-fc,onnx,FP16,OpenVINO,passed,passed,,OpenVINO 2025.3
Text Detection,text-spotting-0001,onnx,FP32,OpenVINO,passed,passed,,OpenVINO 2025.3
Text Detection,text-spotting-0001,onnx,FP16,OpenVINO,passed,,,OpenVINO 2025.3
Text Detection,text-spotting-0003,onnx,FP32,OpenVINO,passed,passed,,OpenVINO 2025.3
Text Detection,text-spotting-0003,onnx,FP16,OpenVINO,passed,,,OpenVINO 2025.3
Text Detection,text-spotting-0004,onnx,FP32,OpenVINO,passed,passed,,OpenVINO 2025.3
Text Detection,text-spotting-0004,onnx,FP16,OpenVINO,passed,,,OpenVINO 2025.3
Text Detection,text-spotting-0005,onnx,FP32,OpenVINO,passed,,,OpenVINO 2025.3
Text Detection,text-spotting-0005,onnx,FP16,OpenVINO,passed,,,OpenVINO 2025.3
Text to Speech,text-to-speech-en-0001,onnx,FP32,OpenVINO,passed,,passed,OpenVINO 2025.3
Text to Speech,text-to-speech-en-0001,onnx,FP16,OpenVINO,passed,,passed,OpenVINO 2025.3
Text to Speech,text-to-speech-en-multi-0001,onnx,FP32,OpenVINO,passed,,passed,OpenVINO 2025.3
Text to Speech,text-to-speech-en-multi-0001,onnx,FP16,OpenVINO,passed,,passed,OpenVINO 2025.3
Image Classification,tf_inception_v3,pytorch,FP32,torch.compile,passed,passed,passed,OpenVINO 2025.3
Time Series Forecasting,time-series-forecasting-electricity-0001,onnx,FP32,OpenVINO,passed,passed,passed,OpenVINO 2025.3
Time Series Forecasting,time-series-forecasting-electricity-0001,onnx,FP16,OpenVINO,passed,passed,,OpenVINO 2025.3
Time Series Forecasting,time-series-forecasting-electricity-0001,onnx,FP16-INT8,OpenVINO,passed,passed,passed,OpenVINO 2025.3
Natural Language Processing,tiny_sd_text_encoder,pytorch,FP32,torch.compile,passed,passed,passed,OpenVINO 2025.3
Image Generation,tiny_sd_unet,pytorch,FP32,torch.compile,passed,passed,passed,OpenVINO 2025.3
Image Generation,tiny_sd_vae_encoder,pytorch,FP32,torch.compile,passed,passed,passed,OpenVINO 2025.3
Natural Language Processing,tinybert_6layer_768dim_cola,onnx,FP32,OpenVINO,passed,passed,,OpenVINO 2025.3
Natural Language Processing,tinybert_6layer_768dim_cola,onnx,FP16,OpenVINO,passed,passed,,OpenVINO 2025.3
Natural Language Processing,tinybert_6layer_768dim_cola,onnx,FP16-INT8,OpenVINO,passed,passed,,OpenVINO 2025.3
Large Language Model,tiny-llama-1.1b-chat,pytorch,INT8-CW,OpenVINO,passed,,passed,OpenVINO 2025.3
Large Language Model,tiny-llama-1.1b-chat,pytorch,INT4-MIXED,OpenVINO,passed,,passed,OpenVINO 2025.3
Large Language Model,tiny-llama-1.1b-chat,pytorch,FP16,OpenVINO,passed,,,OpenVINO 2025.3
Image Classification,tinynet_d.in1k,pytorch,FP32,torch.compile,passed,passed,passed,OpenVINO 2025.3
Object Detection,tiramisu-fc-densenet-103,tf2,FP32,OpenVINO,passed,passed,,OpenVINO 2025.3
Object Detection,tiramisu-fc-densenet-103,tf2,FP16,OpenVINO,passed,passed,,OpenVINO 2025.3
Object Detection,tiramisu-fc-densenet-103,tf2,FP16-INT8,OpenVINO,passed,passed,,OpenVINO 2025.3
"Image Processing, Enhancement ",topaz_video_super_resolution,tf,FP32,OpenVINO,passed,passed,passed,OpenVINO 2025.3
"Image Processing, Enhancement ",topaz_video_super_resolution,tf,FP16,OpenVINO,passed,passed,passed,OpenVINO 2025.3
Image Classification,tresnet-m,onnx,FP32,OpenVINO,,,passed,OpenVINO 2025.3
Image Classification,tresnet-m,onnx,FP16,OpenVINO,,,passed,OpenVINO 2025.3
Image Classification,tresnet-m,onnx,FP16-INT8,OpenVINO,,,passed,OpenVINO 2025.3
Large Language Model,trinity-mini,pytorch,INT4-MIXED,OpenVINO,,passed,,OpenVINO 2025.3
Large Language Model,trinity-mini,pytorch,INT8-CW,OpenVINO,,passed,,OpenVINO 2025.3
Image to Text,trocr-base-handwritten,pytorch,intel-optimum default,Optimum Intel,passed,passed,,OpenVINO 2025.3
Text to Speech,tts_angular,pytorch,FP32,torch.compile,passed,passed,passed,OpenVINO 2025.3
Image Classification,tv_densenet121,pytorch,FP32,torch.compile,passed,passed,passed,OpenVINO 2025.3
Image Classification,tv_resnet50,pytorch,FP32,torch.compile,passed,passed,passed,OpenVINO 2025.3
Image Classification,twins_pcpvt_base,pytorch,FP32,torch.compile,passed,passed,passed,OpenVINO 2025.3
Image Classification,twins_pcpvt_large,pytorch,FP32,torch.compile,passed,passed,passed,OpenVINO 2025.3
Image Classification,twins_pcpvt_small,pytorch,FP32,torch.compile,passed,passed,passed,OpenVINO 2025.3
Image Classification,twins_svt_base,pytorch,FP32,torch.compile,passed,passed,passed,OpenVINO 2025.3
Image Classification,twins_svt_large,pytorch,FP32,torch.compile,passed,passed,passed,OpenVINO 2025.3
Image Classification,twins_svt_small,pytorch,FP32,torch.compile,passed,passed,passed,OpenVINO 2025.3
Natural Language Processing,twitter-roberta-base-sentiment-latest,pytorch,intel-optimum default,Optimum Intel,passed,passed,,OpenVINO 2025.3
Object Detection,ultra-lightweight-face-detection-rfb-320,onnx,FP32,OpenVINO,passed,passed,,OpenVINO 2025.3
Object Detection,ultra-lightweight-face-detection-rfb-320,onnx,FP16,OpenVINO,passed,passed,passed,OpenVINO 2025.3
Object Detection,ultra-lightweight-face-detection-slim-320,onnx,FP32,OpenVINO,passed,passed,passed,OpenVINO 2025.3
Object Detection,ultra-lightweight-face-detection-slim-320,onnx,FP16,OpenVINO,passed,passed,,OpenVINO 2025.3
Object Detection,ultra-lightweight-face-detection-slim-320,onnx,FP16-INT8,OpenVINO,passed,passed,passed,OpenVINO 2025.3
Semantic Segmentation,unet-2d,onnx,FP32,OpenVINO,passed,passed,passed,OpenVINO 2025.3
Semantic Segmentation,unet-2d,onnx,FP16,OpenVINO,passed,passed,passed,OpenVINO 2025.3
Semantic Segmentation,unet-2d,onnx,FP16-INT8,OpenVINO,passed,passed,passed,OpenVINO 2025.3
Semantic Segmentation,unet3d_mlperf,onnx,FP32,OpenVINO,passed,passed,,OpenVINO 2025.3
Semantic Segmentation,unet3d_mlperf,tf,FP32,OpenVINO,,passed,passed,OpenVINO 2025.3
Semantic Segmentation,unet3d_mlperf,onnx,FP16,OpenVINO,passed,passed,,OpenVINO 2025.3
Semantic Segmentation,unet3d_mlperf,tf,FP16,OpenVINO,,passed,passed,OpenVINO 2025.3
Semantic Segmentation,unet3d_mlperf,onnx,FP16-INT8,OpenVINO,passed,passed,,OpenVINO 2025.3
Semantic Segmentation,unet3d_mlperf,tf,FP16-INT8,OpenVINO,,passed,passed,OpenVINO 2025.3
Semantic Segmentation,unet-camvid-int8-onnx-0001,onnx,FP16-INT8,OpenVINO,passed,passed,passed,OpenVINO 2025.3
Semantic Segmentation,unet-camvid-onnx-0001,onnx,INT8,OpenVINO,passed,passed,passed,OpenVINO 2025.3
Semantic Segmentation,unet-camvid-onnx-0001,onnx,FP16,OpenVINO,passed,passed,passed,OpenVINO 2025.3
Semantic Segmentation,unet-camvid-onnx-0001,onnx,FP32,OpenVINO,passed,passed,passed,OpenVINO 2025.3
Semantic Segmentation,unet-camvid-onnx-0001,onnx,FP16-INT8,OpenVINO,passed,passed,passed,OpenVINO 2025.3
Audio Classification,unispeech-sat-base-plus-sd,pytorch,intel-optimum default,Optimum Intel,passed,passed,,OpenVINO 2025.3
Audio,unispeech-sat-base-sv,pytorch,intel-optimum default,Optimum Intel,passed,passed,,OpenVINO 2025.3
Audio,unispeech-sat-large-sv,pytorch,intel-optimum default,Optimum Intel,passed,passed,,OpenVINO 2025.3
URL Classification,urlnet,tf2,FP32,OpenVINO,passed,passed,passed,OpenVINO 2025.3
URL Classification,urlnet,tf2,FP16,OpenVINO,passed,passed,passed,OpenVINO 2025.3
Image Classification,vehicle-attributes-recognition-barrier-0042,onnx,FP32,OpenVINO,passed,passed,passed,OpenVINO 2025.3
Image Classification,vehicle-attributes-recognition-barrier-0042,onnx,FP16,OpenVINO,passed,passed,passed,OpenVINO 2025.3
Image Classification,vehicle-attributes-recognition-barrier-0042,onnx,FP16-INT8,OpenVINO,passed,passed,passed,OpenVINO 2025.3
Object Detection,vehicle-detection-0200,onnx,FP32,OpenVINO,passed,,passed,OpenVINO 2025.3
Object Detection,vehicle-detection-0200,onnx,FP16,OpenVINO,passed,passed,passed,OpenVINO 2025.3
Object Detection,vehicle-detection-0201,onnx,FP32,OpenVINO,passed,,passed,OpenVINO 2025.3
Object Detection,vehicle-detection-0201,onnx,FP16,OpenVINO,passed,,passed,OpenVINO 2025.3
Object Detection,vehicle-detection-0202,onnx,FP32,OpenVINO,passed,,passed,OpenVINO 2025.3
Object Detection,vehicle-detection-0202,onnx,FP16,OpenVINO,passed,,passed,OpenVINO 2025.3
Image Classification,vehicle-reid-0001,onnx,FP32,OpenVINO,passed,passed,passed,OpenVINO 2025.3
Image Classification,vehicle-reid-0001,onnx,FP16,OpenVINO,passed,passed,passed,OpenVINO 2025.3
Image Classification,vehicle-reid-0001,onnx,FP16-INT8,OpenVINO,passed,passed,passed,OpenVINO 2025.3
Image Classification,versa,tf,FP32,OpenVINO,passed,,,OpenVINO 2025.3
Image Classification,versa,tf,FP16,OpenVINO,passed,passed,,OpenVINO 2025.3
Image Classification,versa,tf,FP16-INT8,OpenVINO,passed,passed,,OpenVINO 2025.3
Object Detection,vfnet-resnet50-fpn-pytorch,onnx,FP32,OpenVINO,,passed,,OpenVINO 2025.3
Object Detection,vfnet-resnet50-fpn-pytorch,onnx,FP16,OpenVINO,,passed,,OpenVINO 2025.3
Object Detection,vfnet-resnet50-fpn-pytorch,onnx,FP16-INT8,OpenVINO,passed,passed,,OpenVINO 2025.3
Image Classification,vgg11,pytorch,FP32,torch.compile,passed,passed,passed,OpenVINO 2025.3
Image Classification,vgg-11-bn,pytorch,FP32,OpenVINO,passed,passed,,OpenVINO 2025.3
Image Classification,vgg-11-bn,pytorch,FP32-INT8,OpenVINO,passed,,passed,OpenVINO 2025.3
Image Classification,vgg13,pytorch,FP32,torch.compile,passed,passed,passed,OpenVINO 2025.3
Image Classification,vgg13_bn,pytorch,FP32,torch.compile,passed,passed,passed,OpenVINO 2025.3
Image Classification,vgg16,pytorch,FP32,OpenVINO,passed,passed,,OpenVINO 2025.3
Image Classification,vgg16,tf,FP32,OpenVINO,passed,passed,,OpenVINO 2025.3
Image Classification,vgg16,tf,FP16,OpenVINO,passed,passed,,OpenVINO 2025.3
Image Classification,vgg16,onnx,FP16-INT8,OpenVINO,,,passed,OpenVINO 2025.3
Image Classification,vgg16,pytorch,FP32,torch.compile,passed,passed,passed,OpenVINO 2025.3
Image Classification,vgg16,onnx,FP16,OpenVINO,passed,passed,,OpenVINO 2025.3
Image Classification,vgg16,onnx,FP32,OpenVINO,passed,passed,,OpenVINO 2025.3
Image Classification,vgg16,pytorch,FP32-INT8,OpenVINO,passed,,passed,OpenVINO 2025.3
Image Classification,vgg16_bn,pytorch,FP32,torch.compile,passed,passed,passed,OpenVINO 2025.3
Image Classification,vgg-16-bn,onnx,FP32,OpenVINO,,,passed,OpenVINO 2025.3
Image Classification,vgg-16-bn,onnx,FP16,OpenVINO,passed,passed,,OpenVINO 2025.3
Image Classification,vgg-16-bn,onnx,FP16-INT8,OpenVINO,passed,passed,,OpenVINO 2025.3
Image Classification,vgg19,onnx,FP32,OpenVINO,,,passed,OpenVINO 2025.3
Image Classification,vgg19,tf,FP32,OpenVINO,passed,passed,,OpenVINO 2025.3
Image Classification,vgg19,onnx,FP16,OpenVINO,,,passed,OpenVINO 2025.3
Image Classification,vgg19,tf,FP16,OpenVINO,passed,passed,,OpenVINO 2025.3
Image Classification,vgg19,pytorch,FP32,torch.compile,passed,passed,passed,OpenVINO 2025.3
Image Classification,vgg19_bn,pytorch,FP32,torch.compile,passed,passed,passed,OpenVINO 2025.3
Speech Recognition,vggvox,tf,FP16,OpenVINO,,,passed,OpenVINO 2025.3
Speech Recognition,vggvox,tf,FP16-INT8,OpenVINO,passed,,,OpenVINO 2025.3
Speech Recognition,vggvox,tf,FP32,OpenVINO,passed,,,OpenVINO 2025.3
Image Classification,visformer_small,pytorch,FP32,torch.compile,passed,passed,passed,OpenVINO 2025.3
Image Classification,vision_maskrcnn,pytorch,FP32,torch.compile,passed,passed,passed,OpenVINO 2025.3
Image Classification,vit_b_16,pytorch,FP32,torch.compile,passed,passed,passed,OpenVINO 2025.3
Image Classification,vit_b_32,pytorch,FP32,torch.compile,passed,passed,passed,OpenVINO 2025.3
Image Classification,vit_base_patch16_224.orig_in21k_ft_in1k,pytorch,FP32,torch.compile,passed,passed,passed,OpenVINO 2025.3
Image Classification,vit_h_14,pytorch,FP32,torch.compile,passed,passed,passed,OpenVINO 2025.3
Image Classification,vit_l_16,pytorch,FP32,torch.compile,passed,passed,passed,OpenVINO 2025.3
Image Classification,vit_l_32,pytorch,FP32,torch.compile,passed,passed,passed,OpenVINO 2025.3
Image Classification,vit-base-16-224,pytorch,FP32,OpenVINO,passed,passed,,OpenVINO 2025.3
Image Classification,vit-base-16-224,onnx,FP16,OpenVINO,passed,,,OpenVINO 2025.3
Image Classification,vit-base-16-224,onnx,FP16-INT8,OpenVINO,passed,,,OpenVINO 2025.3
Image Classification,vit-base-16-224,onnx,FP32,OpenVINO,passed,,,OpenVINO 2025.3
Image Classification,vit-base-16-224,pytorch,FP32-INT8,OpenVINO,passed,,passed,OpenVINO 2025.3
Image Classification,vit-base-patch16-224,pytorch,FP16,OpenVINO,passed,passed,,OpenVINO 2025.3
Image Classification,vit-base-patch16-224,pytorch,FP16-INT8,OpenVINO,passed,passed,passed,OpenVINO 2025.3
Image Classification,vit-base-patch16-224,pytorch,intel-optimum default,Optimum Intel,passed,passed,,OpenVINO 2025.3
Text Detection,vitstr-small-patch16-224,onnx,FP32,OpenVINO,passed,passed,,OpenVINO 2025.3
Text Detection,vitstr-small-patch16-224,onnx,FP16,OpenVINO,passed,passed,,OpenVINO 2025.3
Text Detection,vitstr-small-patch16-224,onnx,FP16-INT8,OpenVINO,passed,passed,,OpenVINO 2025.3
Image Classification,vovnet,pytorch,FP32,torch.compile,passed,passed,,OpenVINO 2025.3
Speech Recognition,wav2vec2-base,onnx,FP32,OpenVINO,passed,,,OpenVINO 2025.3
Speech Recognition,wav2vec2-base,onnx,FP16,OpenVINO,passed,,,OpenVINO 2025.3
Speech Recognition,wav2vec2-base,onnx,FP16-INT8,OpenVINO,passed,,,OpenVINO 2025.3
Audio Classification,wav2vec2-base-superb-sd,pytorch,intel-optimum default,Optimum Intel,passed,passed,,OpenVINO 2025.3
Audio Classification,wav2vec2-base-superb-sid,pytorch,intel-optimum default,Optimum Intel,passed,passed,,OpenVINO 2025.3
Audio,wav2vec2-base-superb-sv,pytorch,intel-optimum default,Optimum Intel,passed,passed,,OpenVINO 2025.3
Text to Speech,wavernn-rnn,onnx,FP32,OpenVINO,passed,passed,,OpenVINO 2025.3
Text to Speech,wavernn-rnn,onnx,FP16,OpenVINO,passed,passed,,OpenVINO 2025.3
Text to Speech,wavernn-rnn,onnx,FP16-INT8,OpenVINO,passed,passed,,OpenVINO 2025.3
Text to Speech,wavernn-upsampler,onnx,FP32,OpenVINO,passed,passed,,OpenVINO 2025.3
Text to Speech,wavernn-upsampler,onnx,FP16,OpenVINO,passed,passed,,OpenVINO 2025.3
Text to Speech,wavernn-upsampler,onnx,FP16-INT8,OpenVINO,passed,passed,,OpenVINO 2025.3
"Image Processing, Enhancement ",wdsr-small-x4,onnx,FP32,OpenVINO,passed,passed,passed,OpenVINO 2025.3
"Image Processing, Enhancement ",wdsr-small-x4,onnx,FP16,OpenVINO,passed,passed,passed,OpenVINO 2025.3
"Image Processing, Enhancement ",wdsr-small-x4,onnx,FP16-INT8,OpenVINO,passed,passed,passed,OpenVINO 2025.3
Image Classification,weld-porosity-detection-0001,onnx,FP32,OpenVINO,passed,passed,passed,OpenVINO 2025.3
Image Classification,weld-porosity-detection-0001,onnx,FP16,OpenVINO,passed,passed,passed,OpenVINO 2025.3
Image Classification,weld-porosity-detection-0001,onnx,FP16-INT8,OpenVINO,passed,passed,passed,OpenVINO 2025.3
Natural Language Processing,whisper_decoder,pytorch,FP32,torch.compile,passed,passed,passed,OpenVINO 2025.3
Natural Language Processing,whisper_encoder,pytorch,FP32,torch.compile,passed,passed,passed,OpenVINO 2025.3
Speech Recognition,whisper-base,pytorch,intel-optimum default,Optimum Intel,passed,passed,,OpenVINO 2025.3
Speech Recognition,whisper-large-v2,pytorch,intel-optimum default,Optimum Intel,passed,passed,,OpenVINO 2025.3
Speech Recognition,whisper-large-v3,pytorch,INT8-CW,OpenVINO,passed,passed,passed,OpenVINO 2025.3
Speech Recognition,whisper-large-v3,pytorch,INT4-MIXED,OpenVINO,passed,passed,passed,OpenVINO 2025.3
Speech Recognition,whisper-large-v3,pytorch,FP16,OpenVINO,passed,passed,,OpenVINO 2025.3
Speech Recognition,whisper-large-v3-genai,pytorch,FP16,OpenVINO,passed,passed,passed,OpenVINO 2025.3
Speech Recognition,whisper-large-v3-genai,pytorch,FP16-INT8,OpenVINO,passed,passed,passed,OpenVINO 2025.3
Speech Recognition,whisper-large-v3-turbo,pytorch,INT8-CW,OpenVINO,passed,passed,passed,OpenVINO 2025.3
Speech Recognition,whisper-large-v3-turbo,pytorch,INT4-MIXED,OpenVINO,passed,passed,passed,OpenVINO 2025.3
Speech Recognition,whisper-large-v3-turbo,pytorch,FP16,OpenVINO,passed,passed,,OpenVINO 2025.3
Speech Recognition,whisper-large-v3-turbo-genai,pytorch,FP16,OpenVINO,passed,passed,passed,OpenVINO 2025.3
Speech Recognition,whisper-large-v3-turbo-genai,pytorch,FP16-INT8,OpenVINO,passed,passed,passed,OpenVINO 2025.3
Speech Recognition,whisper-medium,pytorch,intel-optimum default,Optimum Intel,passed,passed,,OpenVINO 2025.3
Speech Recognition,whisper-small,pytorch,FP16,OpenVINO,passed,passed,,OpenVINO 2025.3
Speech Recognition,whisper-small,pytorch,INT4-MIXED,OpenVINO,passed,passed,passed,OpenVINO 2025.3
Speech Recognition,whisper-small,pytorch,INT8-CW,OpenVINO,passed,passed,passed,OpenVINO 2025.3
Speech Recognition,whisper-small,pytorch,intel-optimum default,Optimum Intel,passed,passed,,OpenVINO 2025.3
Speech Recognition,whisper-small-genai,pytorch,FP16,OpenVINO,passed,passed,passed,OpenVINO 2025.3
Speech Recognition,whisper-small-genai,pytorch,FP16-INT8,OpenVINO,passed,passed,passed,OpenVINO 2025.3
Speech Recognition,whisper-tiny,pytorch,FP16,OpenVINO,passed,,,OpenVINO 2025.3
Speech Recognition,whisper-tiny,pytorch,INT4-MIXED,OpenVINO,passed,,,OpenVINO 2025.3
Speech Recognition,whisper-tiny,pytorch,INT8-CW,OpenVINO,passed,,,OpenVINO 2025.3
Speech Recognition,whisper-tiny-genai,pytorch,FP16,OpenVINO,passed,passed,,OpenVINO 2025.3
Speech Recognition,whisper-tiny-genai,pytorch,FP16-INT8,OpenVINO,passed,passed,,OpenVINO 2025.3
Image Classification,wide_resnet101_2,pytorch,FP32,torch.compile,passed,passed,passed,OpenVINO 2025.3
Image Classification,wide_resnet50_2,pytorch,FP32,torch.compile,passed,passed,passed,OpenVINO 2025.3
Image Classification,wide-resnet-50-v2,onnx,FP32,OpenVINO,passed,passed,passed,OpenVINO 2025.3
Image Classification,wide-resnet-50-v2,onnx,FP16,OpenVINO,passed,passed,passed,OpenVINO 2025.3
Image Classification,wide-resnet-50-v2,onnx,FP16-INT8,OpenVINO,passed,passed,passed,OpenVINO 2025.3
Large Language Model,WizardMath-7B-V1.1,pytorch,INT4,Optimum Intel,passed,passed,,OpenVINO 2025.3
Image Classification,xception,pytorch,FP32,torch.compile,passed,passed,passed,OpenVINO 2025.3
Image Classification,xception65,pytorch,FP32,torch.compile,passed,passed,passed,OpenVINO 2025.3
Image Classification,xcit-nano-12-p16,pytorch,FP32,OpenVINO,passed,passed,,OpenVINO 2025.3
Image Classification,xcit-nano-12-p16,pytorch,FP32-INT8,OpenVINO,passed,,passed,OpenVINO 2025.3
Natural Language Processing,xlm-roberta-base,onnx,FP32,OpenVINO,passed,passed,passed,OpenVINO 2025.3
Natural Language Processing,xlm-roberta-base,onnx,FP16,OpenVINO,passed,passed,passed,OpenVINO 2025.3
Natural Language Processing,xlm-roberta-base,pytorch,FP32,torch.compile,passed,passed,passed,OpenVINO 2025.3
Natural Language Processing,xlm-roberta-base,pytorch,intel-optimum default,Optimum Intel,passed,passed,,OpenVINO 2025.3
Natural Language Processing,xlm-roberta-base-language-detection,pytorch,intel-optimum default,Optimum Intel,passed,passed,,OpenVINO 2025.3
Natural Language Processing,xlm-roberta-base-uncased-conll2003,pytorch,intel-optimum default,Optimum Intel,passed,passed,,OpenVINO 2025.3
Natural Language Processing,xlm-roberta-large,pytorch,intel-optimum default,Optimum Intel,passed,passed,,OpenVINO 2025.3
Natural Language Processing,xlm-roberta-large-en-ru-mnli,pytorch,intel-optimum default,Optimum Intel,passed,passed,,OpenVINO 2025.3
Natural Language Processing,xlm-roberta-large-finetuned-conll03-english,pytorch,intel-optimum default,Optimum Intel,passed,passed,,OpenVINO 2025.3
Natural Language Processing,xlnet,onnx,FP32,OpenVINO,passed,passed,,OpenVINO 2025.3
Natural Language Processing,xlnet,onnx,FP16,OpenVINO,passed,passed,passed,OpenVINO 2025.3
Natural Language Processing,xlnet,onnx,FP16-INT8,OpenVINO,passed,passed,passed,OpenVINO 2025.3
Natural Language Processing,xlnet-base-cased,pytorch,FP32,torch.compile,passed,passed,,OpenVINO 2025.3
Instance Segmentation,yolact-resnet50-fpn-pytorch,onnx,FP32,OpenVINO,passed,passed,passed,OpenVINO 2025.3
Instance Segmentation,yolact-resnet50-fpn-pytorch,onnx,FP16,OpenVINO,passed,passed,passed,OpenVINO 2025.3
Instance Segmentation,yolact-resnet50-fpn-pytorch,onnx,FP16-INT8,OpenVINO,passed,passed,passed,OpenVINO 2025.3
Object Detection,yolo_v3_tiny,tf,FP32,OpenVINO,passed,passed,passed,OpenVINO 2025.3
Object Detection,yolo_v3_tiny,tf,FP16,OpenVINO,passed,passed,passed,OpenVINO 2025.3
Object Detection,yolo_v3_tiny,tf,INT8,OpenVINO,passed,passed,passed,OpenVINO 2025.3
Object Detection,yolo_v3_tiny,onnx,INT8,OpenVINO,passed,passed,passed,OpenVINO 2025.3
Object Detection,yolo_v3_tiny,onnx,FP16,OpenVINO,passed,passed,passed,OpenVINO 2025.3
Object Detection,yolo_v3_tiny,onnx,FP32,OpenVINO,passed,passed,passed,OpenVINO 2025.3
Object Detection,yolo_v4,tf,FP32,OpenVINO,passed,passed,passed,OpenVINO 2025.3
Object Detection,yolo_v4,tf2,FP32,OpenVINO,passed,passed,passed,OpenVINO 2025.3
Object Detection,yolo_v4,tf,FP16,OpenVINO,passed,passed,passed,OpenVINO 2025.3
Object Detection,yolo_v4,tf2,FP16,OpenVINO,passed,passed,passed,OpenVINO 2025.3
Object Detection,yolo_v4,tf,FP16-INT8,OpenVINO,passed,passed,passed,OpenVINO 2025.3
Object Detection,yolo_v4,tf2,FP16-INT8,OpenVINO,passed,passed,passed,OpenVINO 2025.3
Object Detection,yolo_v5l,onnx,FP32,OpenVINO,passed,passed,passed,OpenVINO 2025.3
Object Detection,yolo_v5l,onnx,FP16,OpenVINO,passed,passed,passed,OpenVINO 2025.3
Object Detection,yolo_v5l,onnx,FP16-INT8,OpenVINO,passed,passed,passed,OpenVINO 2025.3
Object Detection,yolo_v5m,onnx,FP32,OpenVINO,passed,passed,passed,OpenVINO 2025.3
Object Detection,yolo_v5m,onnx,FP16,OpenVINO,passed,passed,passed,OpenVINO 2025.3
Object Detection,yolo_v5m,onnx,FP16-INT8,OpenVINO,passed,passed,passed,OpenVINO 2025.3
Object Detection,yolo_v5m6-v6,onnx,FP16,OpenVINO,,,passed,OpenVINO 2025.3
Object Detection,yolo_v5m6-v6,onnx,FP32,OpenVINO,passed,passed,,OpenVINO 2025.3
Object Detection,yolo_v5m-v6,onnx,FP32,OpenVINO,passed,passed,passed,OpenVINO 2025.3
Object Detection,yolo_v5m-v6,onnx,FP16,OpenVINO,passed,passed,passed,OpenVINO 2025.3
Object Detection,yolo_v5m-v6,onnx,FP16-INT8,OpenVINO,passed,passed,passed,OpenVINO 2025.3
Object Detection,yolo_v5s,onnx,FP32,OpenVINO,passed,passed,passed,OpenVINO 2025.3
Object Detection,yolo_v5s,onnx,FP16,OpenVINO,passed,passed,passed,OpenVINO 2025.3
Object Detection,yolo_v5s,onnx,FP16-INT8,OpenVINO,passed,passed,passed,OpenVINO 2025.3
Object Detection,yolo_v5s-v6,onnx,FP32,OpenVINO,passed,passed,passed,OpenVINO 2025.3
Object Detection,yolo_v5s-v6,onnx,FP16,OpenVINO,passed,passed,passed,OpenVINO 2025.3
Object Detection,yolo_v5s-v6,onnx,FP16-INT8,OpenVINO,passed,passed,passed,OpenVINO 2025.3
Object Detection,yolo_v5x,onnx,FP32,OpenVINO,passed,passed,passed,OpenVINO 2025.3
Object Detection,yolo_v5x,onnx,FP16,OpenVINO,passed,passed,passed,OpenVINO 2025.3
Object Detection,yolo_v8n,onnx,FP32,OpenVINO,passed,passed,passed,OpenVINO 2025.3
Object Detection,yolo_v8n,onnx,FP16,OpenVINO,passed,passed,passed,OpenVINO 2025.3
Object Detection,yolo_v8n,onnx,FP16-INT8,OpenVINO,passed,passed,passed,OpenVINO 2025.3
Object Detection,yolo11,pytorch,FP32,OpenVINO,passed,passed,,OpenVINO 2025.3
Object Detection,yolo11,pytorch,FP32-INT8,OpenVINO,passed,,,OpenVINO 2025.3
Object Detection,yolof,onnx,FP32,OpenVINO,passed,,passed,OpenVINO 2025.3
Object Detection,yolof,onnx,FP16,OpenVINO,passed,,passed,OpenVINO 2025.3
Object Detection,yolof,onnx,FP16-INT8,OpenVINO,passed,,passed,OpenVINO 2025.3
Object Detection,yolor_p6,onnx,FP32,OpenVINO,passed,passed,passed,OpenVINO 2025.3
Object Detection,yolor_p6,onnx,FP16,OpenVINO,passed,passed,passed,OpenVINO 2025.3
Object Detection,yolor_p6,onnx,FP16-INT8,OpenVINO,passed,passed,passed,OpenVINO 2025.3
Object Detection,yolo-v3,tf,FP32,OpenVINO,passed,passed,passed,OpenVINO 2025.3
Object Detection,yolo-v3,tf,FP16,OpenVINO,passed,passed,passed,OpenVINO 2025.3
Object Detection,yolo-v4-tiny,tf,FP32,OpenVINO,passed,passed,passed,OpenVINO 2025.3
Object Detection,yolo-v4-tiny,tf,FP16,OpenVINO,passed,passed,passed,OpenVINO 2025.3
Object Detection,yolov5l,pytorch,FP32,torch.compile,passed,passed,passed,OpenVINO 2025.3
Object Detection,yolov5l6,pytorch,FP32,torch.compile,passed,passed,passed,OpenVINO 2025.3
Object Detection,yolov5m,pytorch,FP32,torch.compile,passed,passed,passed,OpenVINO 2025.3
Object Detection,yolov5m6,pytorch,FP32,torch.compile,passed,passed,passed,OpenVINO 2025.3
Object Detection,yolov5n,pytorch,FP32,torch.compile,passed,passed,passed,OpenVINO 2025.3
Object Detection,yolov5n6,pytorch,FP32,torch.compile,passed,passed,passed,OpenVINO 2025.3
Object Detection,yolov5s,pytorch,FP32,torch.compile,passed,passed,passed,OpenVINO 2025.3
Object Detection,yolov5s6,pytorch,FP32,torch.compile,passed,passed,passed,OpenVINO 2025.3
Object Detection,yolov5x,pytorch,FP32,torch.compile,passed,passed,passed,OpenVINO 2025.3
Object Detection,yolov5x6,pytorch,FP32,torch.compile,passed,passed,passed,OpenVINO 2025.3
Object Detection,yolox-tiny,onnx,FP32,OpenVINO,passed,passed,passed,OpenVINO 2025.3
Object Detection,yolox-tiny,onnx,FP16,OpenVINO,passed,passed,passed,OpenVINO 2025.3
Object Detection,yolox-tiny,onnx,FP16-INT8,OpenVINO,passed,passed,passed,OpenVINO 2025.3
Large Language Model,zephyr-7b-beta,pytorch,INT8-CW,OpenVINO,passed,,,OpenVINO 2025.3
Large Language Model,zephyr-7b-beta,pytorch,INT4-MIXED,OpenVINO,passed,,passed,OpenVINO 2025.3
Large Language Model,zephyr-7b-beta,pytorch,FP16,OpenVINO,passed,,,OpenVINO 2025.3
Large Language Model,zephyr-7b-beta,pytorch,INT4,Optimum Intel,passed,passed,,OpenVINO 2025.3
